Package,License,Status,Reason
adduser,GPL-2.0-only AND GPL-2.0-or-later,BLOCKER,no acceptable option in OR expression: GPL-2.0-only AND GPL-2.0-or-later
apt,BSD-3-Clause AND GPL-2.0-only AND GPL-2.0-or-later AND MIT AND curl,BLOCKER,no acceptable option in OR expression: BSD-3-Clause AND GPL-2.0-only AND GPL-2.0-or-later AND MIT AND curl
base-files,GPL-2.0-only AND GPL-2.0-or-later AND verbatim,BLOCKER,no acceptable option in OR expression: GPL-2.0-only AND GPL-2.0-or-later AND verbatim
base-passwd,GPL-2.0-only AND public-domain,BLOCKER,"AND expression, worst component governs: GPL-2.0-only AND public-domain"
bash,BSD-4-Clause-UC AND GFDL-1.3-no-invariants-only AND GFDL-1.3-only AND GPL-2.0-only AND GPL-2.0-or-later AND GPL-3+ with Bison exception AND GPL-3.0-only AND GPL-3.0-or-later AND Latex2e AND MIT AND permissive,BLOCKER,no acceptable option in OR expression: BSD-4-Clause-UC AND GFDL-1.3-no-invariants-only AND GFDL-1.3-only AND GPL-2.0-only AND GPL-2.0-or-later AND GPL-3+ with Bison exception AND GPL-3.0-only AND GPL-3.0-or-later AND Latex2e AND MIT AND permissive
bsdutils,BSD-2-Clause AND BSD-3-Clause AND BSD-4-Clause AND BSLA AND GPL-2.0-only AND GPL-2.0-or-later AND GPL-3.0-only AND GPL-3.0-or-later AND ISC AND LGPL-2.0-only AND LGPL-2.0-or-later AND LGPL-2.1-only AND LGPL-2.1-or-later AND LGPL-3.0-only AND LGPL-3.0-or-later AND MIT AND public-domain,BLOCKER,no acceptable option in OR expression: BSD-2-Clause AND BSD-3-Clause AND BSD-4-Clause AND BSLA AND GPL-2.0-only AND GPL-2.0-or-later AND GPL-3.0-only AND GPL-3.0-or-later AND ISC AND LGPL-2.0-only AND LGPL-2.0-or-later AND LGPL-2.1-only AND LGPL-2.1-or-later AND LGPL-3.0-only AND LGPL-3.0-or-later AND MIT AND public-domain
ca-certificates,GPL-2.0-only AND GPL-2.0-or-later AND MPL-2.0,BLOCKER,no acceptable option in OR expression: GPL-2.0-only AND GPL-2.0-or-later AND MPL-2.0
coreutils,BSD-4-Clause-UC AND FSFULLR AND GFDL-1.3-no-invariants-only AND GFDL-1.3-only AND GPL-3.0-only AND GPL-3.0-or-later AND ISC,BLOCKER,no acceptable option in OR expression: BSD-4-Clause-UC AND FSFULLR AND GFDL-1.3-no-invariants-only AND GFDL-1.3-only AND GPL-3.0-only AND GPL-3.0-or-later AND ISC
curl,BSD-3-Clause AND BSD-4-Clause-UC AND FSFULLR AND GPL-2+ with Autoconf-data exception AND GPL-2+ with Libtool exception AND GPL-2.0-only AND GPL-3+ with Autoconf-data exception AND ISC AND OLDAP-2.8 AND X11 AND curl,BLOCKER,"AND expression, worst component governs: BSD-3-Clause AND BSD-4-Clause-UC AND FSFULLR AND GPL-2+ with Autoconf-data exception AND GPL-2+ with Libtool exception AND GPL-2.0-only AND GPL-3+ with Autoconf-data exception AND ISC AND OLDAP-2.8 AND X11 AND curl"
dash,BSD-3-Clause AND GPL-2.0-only AND GPL-2.0-or-later AND public-domain,BLOCKER,no acceptable option in OR expression: BSD-3-Clause AND GPL-2.0-only AND GPL-2.0-or-later AND public-domain
debconf,BSD-2-Clause,OK,permissive
debian-archive-keyring,GPL-2.0-or-later,BLOCKER,no acceptable option in OR expression: GPL-2.0-or-later
debianutils,GPL-2.0-only AND GPL-2.0-or-later AND SMAIL-GPL AND public-domain,BLOCKER,no acceptable option in OR expression: GPL-2.0-only AND GPL-2.0-or-later AND SMAIL-GPL AND public-domain
diffutils,FSFAP AND FSFULLR AND GFDL-1.3-no-invariants-only AND GFDL-1.3-only AND GPL-2.0-only AND GPL-2.0-or-later AND GPL-3+ with texinfo exception AND GPL-3.0-only AND GPL-3.0-or-later AND GPL-3.0-with-autoconf-exception+ AND LGPL-2.0-only AND LGPL-2.0-or-later AND LGPL-2.1-only AND LGPL-2.1-or-later AND LGPL-3.0-only AND LGPL-3.0-or-later AND X11 AND public-domain,BLOCKER,no acceptable option in OR expression: FSFAP AND FSFULLR AND GFDL-1.3-no-invariants-only AND GFDL-1.3-only AND GPL-2.0-only AND GPL-2.0-or-later AND GPL-3+ with texinfo exception AND GPL-3.0-only AND GPL-3.0-or-later AND GPL-3.0-with-autoconf-exception+ AND LGPL-2.0-only AND LGPL-2.0-or-later AND LGPL-2.1-only AND LGPL-2.1-or-later AND LGPL-3.0-only AND LGPL-3.0-or-later AND X11 AND public-domain
dirmngr,BSD-3-Clause AND CC0-1.0 AND GPL-2.0-only AND GPL-2.0-or-later AND GPL-3.0-only AND GPL-3.0-or-later AND LGPL-2.1-only AND LGPL-2.1-or-later AND LGPL-3.0-only AND LGPL-3.0-or-later AND MIT AND RFC-Reference AND TinySCHEME AND permissive,BLOCKER,no acceptable option in OR expression: BSD-3-Clause AND CC0-1.0 AND GPL-2.0-only AND GPL-2.0-or-later AND GPL-3.0-only AND GPL-3.0-or-later AND LGPL-2.1-only AND LGPL-2.1-or-later AND LGPL-3.0-only AND LGPL-3.0-or-later AND MIT AND RFC-Reference AND TinySCHEME AND permissive
dpkg,GPL-2.0-only AND GPL-2.0-or-later AND public-domain-s-s-d,BLOCKER,no acceptable option in OR expression: GPL-2.0-only AND GPL-2.0-or-later AND public-domain-s-s-d
ffmpeg,BSD-1-clause AND BSD-2-Clause AND BSD-3-Clause AND BSL-1.0 AND GPL-2.0-only AND GPL-2.0-or-later AND GPL-3.0-only AND GPL-3.0-or-later AND IJG AND ISC AND LGPL-2.0-or-later AND LGPL-2.1-only AND LGPL-2.1-or-later AND MIT AND Sundry AND Zlib AND man-page AND public-domain,BLOCKER,no acceptable option in OR expression: BSD-1-clause AND BSD-2-Clause AND BSD-3-Clause AND BSL-1.0 AND GPL-2.0-only AND GPL-2.0-or-later AND GPL-3.0-only AND GPL-3.0-or-later AND IJG AND ISC AND LGPL-2.0-or-later AND LGPL-2.1-only AND LGPL-2.1-or-later AND MIT AND Sundry AND Zlib AND man-page AND public-domain
findutils,BSD-3-Clause AND FSFAP AND FSFULLR AND GFDL-1.3-no-invariants-or-later AND GFDL-1.3-only AND GPL with automake exception AND GPL-2+ with Autoconf-data exception AND GPL-2.0-only AND GPL-2.0-or-later AND GPL-3+ with Autoconf-data exception AND GPL-3+ with Bison-2.2 exception AND GPL-3.0-only AND GPL-3.0-or-later AND ISC AND LGPL-2.0-only AND LGPL-2.0-or-later AND LGPL-2.1-only AND LGPL-2.1-or-later AND LGPL-3.0-only AND LGPL-3.0-or-later AND X11 AND public-domain,BLOCKER,no acceptable option in OR expression: BSD-3-Clause AND FSFAP AND FSFULLR AND GFDL-1.3-no-invariants-or-later AND GFDL-1.3-only AND GPL with automake exception AND GPL-2+ with Autoconf-data exception AND GPL-2.0-only AND GPL-2.0-or-later AND GPL-3+ with Autoconf-data exception AND GPL-3+ with Bison-2.2 exception AND GPL-3.0-only AND GPL-3.0-or-later AND ISC AND LGPL-2.0-only AND LGPL-2.0-or-later AND LGPL-2.1-only AND LGPL-2.1-or-later AND LGPL-3.0-only AND LGPL-3.0-or-later AND X11 AND public-domain
fonts-dejavu-core,GPL-2.0-only AND GPL-2.0-or-later AND bitstream-vera,BLOCKER,no acceptable option in OR expression: GPL-2.0-only AND GPL-2.0-or-later AND bitstream-vera
fonts-dejavu-mono,GPL-2.0-only AND GPL-2.0-or-later AND bitstream-vera,BLOCKER,no acceptable option in OR expression: GPL-2.0-only AND GPL-2.0-or-later AND bitstream-vera
gcc-14-base,Artistic-2.0 AND GFDL-1.2-only AND GPL-2.0-or-later AND GPL-3.0-only AND LGPL-2.0-or-later,BLOCKER,no acceptable option in OR expression: Artistic-2.0 AND GFDL-1.2-only AND GPL-2.0-or-later AND GPL-3.0-only AND LGPL-2.0-or-later
gnupg,BSD-3-Clause AND CC0-1.0 AND GPL-2.0-only AND GPL-2.0-or-later AND GPL-3.0-only AND GPL-3.0-or-later AND LGPL-2.1-only AND LGPL-2.1-or-later AND LGPL-3.0-only AND LGPL-3.0-or-later AND MIT AND RFC-Reference AND TinySCHEME AND permissive,BLOCKER,no acceptable option in OR expression: BSD-3-Clause AND CC0-1.0 AND GPL-2.0-only AND GPL-2.0-or-later AND GPL-3.0-only AND GPL-3.0-or-later AND LGPL-2.1-only AND LGPL-2.1-or-later AND LGPL-3.0-only AND LGPL-3.0-or-later AND MIT AND RFC-Reference AND TinySCHEME AND permissive
gnupg-l10n,BSD-3-Clause AND CC0-1.0 AND GPL-2.0-only AND GPL-2.0-or-later AND GPL-3.0-only AND GPL-3.0-or-later AND LGPL-2.1-only AND LGPL-2.1-or-later AND LGPL-3.0-only AND LGPL-3.0-or-later AND MIT AND RFC-Reference AND TinySCHEME AND permissive,BLOCKER,no acceptable option in OR expression: BSD-3-Clause AND CC0-1.0 AND GPL-2.0-only AND GPL-2.0-or-later AND GPL-3.0-only AND GPL-3.0-or-later AND LGPL-2.1-only AND LGPL-2.1-or-later AND LGPL-3.0-only AND LGPL-3.0-or-later AND MIT AND RFC-Reference AND TinySCHEME AND permissive
gpg,BSD-3-Clause AND CC0-1.0 AND GPL-2.0-only AND GPL-2.0-or-later AND GPL-3.0-only AND GPL-3.0-or-later AND LGPL-2.1-only AND LGPL-2.1-or-later AND LGPL-3.0-only AND LGPL-3.0-or-later AND MIT AND RFC-Reference AND TinySCHEME AND permissive,BLOCKER,no acceptable option in OR expression: BSD-3-Clause AND CC0-1.0 AND GPL-2.0-only AND GPL-2.0-or-later AND GPL-3.0-only AND GPL-3.0-or-later AND LGPL-2.1-only AND LGPL-2.1-or-later AND LGPL-3.0-only AND LGPL-3.0-or-later AND MIT AND RFC-Reference AND TinySCHEME AND permissive
gpg-agent,BSD-3-Clause AND CC0-1.0 AND GPL-2.0-only AND GPL-2.0-or-later AND GPL-3.0-only AND GPL-3.0-or-later AND LGPL-2.1-only AND LGPL-2.1-or-later AND LGPL-3.0-only AND LGPL-3.0-or-later AND MIT AND RFC-Reference AND TinySCHEME AND permissive,BLOCKER,no acceptable option in OR expression: BSD-3-Clause AND CC0-1.0 AND GPL-2.0-only AND GPL-2.0-or-later AND GPL-3.0-only AND GPL-3.0-or-later AND LGPL-2.1-only AND LGPL-2.1-or-later AND LGPL-3.0-only AND LGPL-3.0-or-later AND MIT AND RFC-Reference AND TinySCHEME AND permissive
gpgconf,BSD-3-Clause AND CC0-1.0 AND GPL-2.0-only AND GPL-2.0-or-later AND GPL-3.0-only AND GPL-3.0-or-later AND LGPL-2.1-only AND LGPL-2.1-or-later AND LGPL-3.0-only AND LGPL-3.0-or-later AND MIT AND RFC-Reference AND TinySCHEME AND permissive,BLOCKER,no acceptable option in OR expression: BSD-3-Clause AND CC0-1.0 AND GPL-2.0-only AND GPL-2.0-or-later AND GPL-3.0-only AND GPL-3.0-or-later AND LGPL-2.1-only AND LGPL-2.1-or-later AND LGPL-3.0-only AND LGPL-3.0-or-later AND MIT AND RFC-Reference AND TinySCHEME AND permissive
gpgsm,BSD-3-Clause AND CC0-1.0 AND GPL-2.0-only AND GPL-2.0-or-later AND GPL-3.0-only AND GPL-3.0-or-later AND LGPL-2.1-only AND LGPL-2.1-or-later AND LGPL-3.0-only AND LGPL-3.0-or-later AND MIT AND RFC-Reference AND TinySCHEME AND permissive,BLOCKER,no acceptable option in OR expression: BSD-3-Clause AND CC0-1.0 AND GPL-2.0-only AND GPL-2.0-or-later AND GPL-3.0-only AND GPL-3.0-or-later AND LGPL-2.1-only AND LGPL-2.1-or-later AND LGPL-3.0-only AND LGPL-3.0-or-later AND MIT AND RFC-Reference AND TinySCHEME AND permissive
grep,GPL-3.0-only AND GPL-3.0-or-later,BLOCKER,no acceptable option in OR expression: GPL-3.0-only AND GPL-3.0-or-later
gzip,FSF-manpages AND GFDL-1.3+-no-invariant AND GFDL-3 AND GPL-3.0-only AND GPL-3.0-or-later,BLOCKER,no acceptable option in OR expression: FSF-manpages AND GFDL-1.3+-no-invariant AND GFDL-3 AND GPL-3.0-only AND GPL-3.0-or-later
hostname,GPL-2.0-only,BLOCKER,strong copyleft / source-available / no-license
init-system-helpers,BSD-3-Clause AND GPL-2.0-only AND GPL-2.0-or-later,BLOCKER,no acceptable option in OR expression: BSD-3-Clause AND GPL-2.0-only AND GPL-2.0-or-later
libacl1,GPL-2.0-only AND GPL-2.0-or-later AND LGPL-2.0-or-later AND LGPL-2.1-only,BLOCKER,no acceptable option in OR expression: GPL-2.0-only AND GPL-2.0-or-later AND LGPL-2.0-or-later AND LGPL-2.1-only
libaom3,BSD-2-Clause AND BSD-3-Clause AND ISC AND MIT AND public-domain-md5,UNKNOWN,"AND expression, worst component governs: BSD-2-Clause AND BSD-3-Clause AND ISC AND MIT AND public-domain-md5"
libapt-pkg7.0,BSD-3-Clause AND GPL-2.0-only AND GPL-2.0-or-later AND MIT AND curl,BLOCKER,no acceptable option in OR expression: BSD-3-Clause AND GPL-2.0-only AND GPL-2.0-or-later AND MIT AND curl
libasound2-data,LGPL-2.1-only AND LGPL-2.1-or-later,REVIEW,"OR expression, best option is weak-copyleft: LGPL-2.1-only AND LGPL-2.1-or-later"
libasound2t64,LGPL-2.1-only AND LGPL-2.1-or-later,REVIEW,"OR expression, best option is weak-copyleft: LGPL-2.1-only AND LGPL-2.1-or-later"
libass9,BSD-2-Clause AND GPL-2.0-only AND GPL-2.0-or-later AND ISC AND NTP AND Unlicense,BLOCKER,no acceptable option in OR expression: BSD-2-Clause AND GPL-2.0-only AND GPL-2.0-or-later AND ISC AND NTP AND Unlicense
libassuan9,FSFULLR AND FSFULLRWD AND GPL-2+ with Autoconf-data exception AND GPL-2+ with Libtool exception AND GPL-2.0-only AND GPL-2.with.nonstandard.Autoconf-data.exception AND GPL-3+ with Autoconf-2.0~Archive exception AND GPL-3+ with Autoconf-data exception AND GPL-3.0-only AND GPL-3.0-or-later AND LGPL-2.1-only AND LGPL-2.1-or-later AND LGPL-3.0-only AND LGPL-3.0-or-later AND X11,BLOCKER,no acceptable option in OR expression: FSFULLR AND FSFULLRWD AND GPL-2+ with Autoconf-data exception AND GPL-2+ with Libtool exception AND GPL-2.0-only AND GPL-2.with.nonstandard.Autoconf-data.exception AND GPL-3+ with Autoconf-2.0~Archive exception AND GPL-3+ with Autoconf-data exception AND GPL-3.0-only AND GPL-3.0-or-later AND LGPL-2.1-only AND LGPL-2.1-or-later AND LGPL-3.0-only AND LGPL-3.0-or-later AND X11
libasyncns0,LGPL-2.1-only AND LGPL-2.1-or-later,REVIEW,"OR expression, best option is weak-copyleft: LGPL-2.1-only AND LGPL-2.1-or-later"
libattr1,GPL-2.0-only AND GPL-2.0-or-later AND LGPL-2.0-or-later AND LGPL-2.1-only,BLOCKER,no acceptable option in OR expression: GPL-2.0-only AND GPL-2.0-or-later AND LGPL-2.0-or-later AND LGPL-2.1-only
libaudit-common,GPL-1.0-only AND GPL-2.0-only AND LGPL-2.1-only,BLOCKER,"AND expression, worst component governs: GPL-1.0-only AND GPL-2.0-only AND LGPL-2.1-only"
libaudit1,GPL-1.0-only AND GPL-2.0-only AND LGPL-2.1-only,BLOCKER,"AND expression, worst component governs: GPL-1.0-only AND GPL-2.0-only AND LGPL-2.1-only"
libavc1394-0,GPL-2.0-only AND GPL-2.0-or-later AND LGPL-2.1-only AND LGPL-2.1-or-later,BLOCKER,no acceptable option in OR expression: GPL-2.0-only AND GPL-2.0-or-later AND LGPL-2.1-only AND LGPL-2.1-or-later
libavcodec61,BSD-1-clause AND BSD-2-Clause AND BSD-3-Clause AND BSL-1.0 AND GPL-2.0-only AND GPL-2.0-or-later AND GPL-3.0-only AND GPL-3.0-or-later AND IJG AND ISC AND LGPL-2.0-or-later AND LGPL-2.1-only AND LGPL-2.1-or-later AND MIT AND Sundry AND Zlib AND man-page AND public-domain,BLOCKER,no acceptable option in OR expression: BSD-1-clause AND BSD-2-Clause AND BSD-3-Clause AND BSL-1.0 AND GPL-2.0-only AND GPL-2.0-or-later AND GPL-3.0-only AND GPL-3.0-or-later AND IJG AND ISC AND LGPL-2.0-or-later AND LGPL-2.1-only AND LGPL-2.1-or-later AND MIT AND Sundry AND Zlib AND man-page AND public-domain
libavdevice61,BSD-1-clause AND BSD-2-Clause AND BSD-3-Clause AND BSL-1.0 AND GPL-2.0-only AND GPL-2.0-or-later AND GPL-3.0-only AND GPL-3.0-or-later AND IJG AND ISC AND LGPL-2.0-or-later AND LGPL-2.1-only AND LGPL-2.1-or-later AND MIT AND Sundry AND Zlib AND man-page AND public-domain,BLOCKER,no acceptable option in OR expression: BSD-1-clause AND BSD-2-Clause AND BSD-3-Clause AND BSL-1.0 AND GPL-2.0-only AND GPL-2.0-or-later AND GPL-3.0-only AND GPL-3.0-or-later AND IJG AND ISC AND LGPL-2.0-or-later AND LGPL-2.1-only AND LGPL-2.1-or-later AND MIT AND Sundry AND Zlib AND man-page AND public-domain
libavfilter10,BSD-1-clause AND BSD-2-Clause AND BSD-3-Clause AND BSL-1.0 AND GPL-2.0-only AND GPL-2.0-or-later AND GPL-3.0-only AND GPL-3.0-or-later AND IJG AND ISC AND LGPL-2.0-or-later AND LGPL-2.1-only AND LGPL-2.1-or-later AND MIT AND Sundry AND Zlib AND man-page AND public-domain,BLOCKER,no acceptable option in OR expression: BSD-1-clause AND BSD-2-Clause AND BSD-3-Clause AND BSL-1.0 AND GPL-2.0-only AND GPL-2.0-or-later AND GPL-3.0-only AND GPL-3.0-or-later AND IJG AND ISC AND LGPL-2.0-or-later AND LGPL-2.1-only AND LGPL-2.1-or-later AND MIT AND Sundry AND Zlib AND man-page AND public-domain
libavformat61,BSD-1-clause AND BSD-2-Clause AND BSD-3-Clause AND BSL-1.0 AND GPL-2.0-only AND GPL-2.0-or-later AND GPL-3.0-only AND GPL-3.0-or-later AND IJG AND ISC AND LGPL-2.0-or-later AND LGPL-2.1-only AND LGPL-2.1-or-later AND MIT AND Sundry AND Zlib AND man-page AND public-domain,BLOCKER,no acceptable option in OR expression: BSD-1-clause AND BSD-2-Clause AND BSD-3-Clause AND BSL-1.0 AND GPL-2.0-only AND GPL-2.0-or-later AND GPL-3.0-only AND GPL-3.0-or-later AND IJG AND ISC AND LGPL-2.0-or-later AND LGPL-2.1-only AND LGPL-2.1-or-later AND MIT AND Sundry AND Zlib AND man-page AND public-domain
libavutil59,BSD-1-clause AND BSD-2-Clause AND BSD-3-Clause AND BSL-1.0 AND GPL-2.0-only AND GPL-2.0-or-later AND GPL-3.0-only AND GPL-3.0-or-later AND IJG AND ISC AND LGPL-2.0-or-later AND LGPL-2.1-only AND LGPL-2.1-or-later AND MIT AND Sundry AND Zlib AND man-page AND public-domain,BLOCKER,no acceptable option in OR expression: BSD-1-clause AND BSD-2-Clause AND BSD-3-Clause AND BSL-1.0 AND GPL-2.0-only AND GPL-2.0-or-later AND GPL-3.0-only AND GPL-3.0-or-later AND IJG AND ISC AND LGPL-2.0-or-later AND LGPL-2.1-only AND LGPL-2.1-or-later AND MIT AND Sundry AND Zlib AND man-page AND public-domain
libblas3,BSD-3-Clause AND BSD-3-clause-intel,UNKNOWN,"AND expression, worst component governs: BSD-3-Clause AND BSD-3-clause-intel"
libblkid1,BSD-2-Clause AND BSD-3-Clause AND BSD-4-Clause AND BSLA AND GPL-2.0-only AND GPL-2.0-or-later AND GPL-3.0-only AND GPL-3.0-or-later AND ISC AND LGPL-2.0-only AND LGPL-2.0-or-later AND LGPL-2.1-only AND LGPL-2.1-or-later AND LGPL-3.0-only AND LGPL-3.0-or-later AND MIT AND public-domain,BLOCKER,no acceptable option in OR expression: BSD-2-Clause AND BSD-3-Clause AND BSD-4-Clause AND BSLA AND GPL-2.0-only AND GPL-2.0-or-later AND GPL-3.0-only AND GPL-3.0-or-later AND ISC AND LGPL-2.0-only AND LGPL-2.0-or-later AND LGPL-2.1-only AND LGPL-2.1-or-later AND LGPL-3.0-only AND LGPL-3.0-or-later AND MIT AND public-domain
libbluray2,BSD-3-Clause AND GPL-2.0-only AND GPL-2.0-or-later AND LGPL-2.1-only AND LGPL-2.1-or-later AND MPL-1.0 AND custom,BLOCKER,no acceptable option in OR expression: BSD-3-Clause AND GPL-2.0-only AND GPL-2.0-or-later AND LGPL-2.1-only AND LGPL-2.1-or-later AND MPL-1.0 AND custom
libbrotli1,MIT,OK,permissive
libbs2b0,FSF-unlimited AND GPL-2.0-only AND GPL-2.0-or-later AND GPL-3.0-only AND GPL-3.0-or-later AND MIT AND MIT+FSF-public,BLOCKER,no acceptable option in OR expression: FSF-unlimited AND GPL-2.0-only AND GPL-2.0-or-later AND GPL-3.0-only AND GPL-3.0-or-later AND MIT AND MIT+FSF-public
libbsd0,BSD-2-Clause AND BSD-2-Clause-NetBSD AND BSD-2-clause-author AND BSD-2-clause-verbatim AND BSD-3-Clause AND BSD-3-clause-John-Birrell AND BSD-3-clause-Regents AND BSD-3-clause-author AND BSD-5-clause-Peter-Wemm AND Beerware AND ISC AND ISC-Original AND MIT AND public-domain,UNKNOWN,"AND expression, worst component governs: BSD-2-Clause AND BSD-2-Clause-NetBSD AND BSD-2-clause-author AND BSD-2-clause-verbatim AND BSD-3-Clause AND BSD-3-clause-John-Birrell AND BSD-3-clause-Regents AND BSD-3-clause-author AND BSD-5-clause-Peter-Wemm AND Beerware AND ISC AND ISC-Original AND MIT AND public-domain"
libbz2-1.0,BSD-3-Clause AND GPL-2.0-only,BLOCKER,"AND expression, worst component governs: BSD-3-Clause AND GPL-2.0-only"
libc-bin,BSD-2-Clause AND BSD-3-clause-Berkeley AND BSD-3-clause-Carnegie AND BSD-3-clause-Oracle AND BSD-3-clause-WIDE AND BSD-like-Spencer AND BSL-1.0 AND CORE-MATH AND Carnegie AND DEC AND FSFAP AND GPL-2+-with-link-exception AND GPL-2.0-only AND GPL-2.0-or-later AND GPL-3.0-only AND GPL-3.0-or-later AND IBM AND ISC AND Inner-Net AND LGPL-2.0-only AND LGPL-2.0-or-later AND LGPL-2.1+-with-link-exception AND LGPL-2.1-only AND LGPL-2.1-or-later AND LGPL-3.0-only AND LGPL-3.0-or-later AND MIT-like-Lord AND PCRE AND SunPro AND Unicode-DFS-2016 AND Univ-Coimbra AND public-domain,BLOCKER,no acceptable option in OR expression: BSD-2-Clause AND BSD-3-clause-Berkeley AND BSD-3-clause-Carnegie AND BSD-3-clause-Oracle AND BSD-3-clause-WIDE AND BSD-like-Spencer AND BSL-1.0 AND CORE-MATH AND Carnegie AND DEC AND FSFAP AND GPL-2+-with-link-exception AND GPL-2.0-only AND GPL-2.0-or-later AND GPL-3.0-only AND GPL-3.0-or-later AND IBM AND ISC AND Inner-Net AND LGPL-2.0-only AND LGPL-2.0-or-later AND LGPL-2.1+-with-link-exception AND LGPL-2.1-only AND LGPL-2.1-or-later AND LGPL-3.0-only AND LGPL-3.0-or-later AND MIT-like-Lord AND PCRE AND SunPro AND Unicode-DFS-2016 AND Univ-Coimbra AND public-domain
libc6,BSD-2-Clause AND BSD-3-clause-Berkeley AND BSD-3-clause-Carnegie AND BSD-3-clause-Oracle AND BSD-3-clause-WIDE AND BSD-like-Spencer AND BSL-1.0 AND CORE-MATH AND Carnegie AND DEC AND FSFAP AND GPL-2+-with-link-exception AND GPL-2.0-only AND GPL-2.0-or-later AND GPL-3.0-only AND GPL-3.0-or-later AND IBM AND ISC AND Inner-Net AND LGPL-2.0-only AND LGPL-2.0-or-later AND LGPL-2.1+-with-link-exception AND LGPL-2.1-only AND LGPL-2.1-or-later AND LGPL-3.0-only AND LGPL-3.0-or-later AND MIT-like-Lord AND PCRE AND SunPro AND Unicode-DFS-2016 AND Univ-Coimbra AND public-domain,BLOCKER,no acceptable option in OR expression: BSD-2-Clause AND BSD-3-clause-Berkeley AND BSD-3-clause-Carnegie AND BSD-3-clause-Oracle AND BSD-3-clause-WIDE AND BSD-like-Spencer AND BSL-1.0 AND CORE-MATH AND Carnegie AND DEC AND FSFAP AND GPL-2+-with-link-exception AND GPL-2.0-only AND GPL-2.0-or-later AND GPL-3.0-only AND GPL-3.0-or-later AND IBM AND ISC AND Inner-Net AND LGPL-2.0-only AND LGPL-2.0-or-later AND LGPL-2.1+-with-link-exception AND LGPL-2.1-only AND LGPL-2.1-or-later AND LGPL-3.0-only AND LGPL-3.0-or-later AND MIT-like-Lord AND PCRE AND SunPro AND Unicode-DFS-2016 AND Univ-Coimbra AND public-domain
libcaca0,GPL-1.0-only AND GPL-2.0-only AND GPL-2.0-or-later AND ISC AND LGPL-2.0-only AND LGPL-2.0-or-later AND WTFPL-2,BLOCKER,no acceptable option in OR expression: GPL-1.0-only AND GPL-2.0-only AND GPL-2.0-or-later AND ISC AND LGPL-2.0-only AND LGPL-2.0-or-later AND WTFPL-2
libcairo-gobject2,LGPL-2.1-only,REVIEW,weak copyleft
libcairo2,LGPL-2.1-only,REVIEW,weak copyleft
libcap-ng0,GPL-2.0-only AND GPL-2.0-or-later AND GPL-3.0-only AND LGPL-2.1-only AND LGPL-2.1-or-later,BLOCKER,no acceptable option in OR expression: GPL-2.0-only AND GPL-2.0-or-later AND GPL-3.0-only AND LGPL-2.1-only AND LGPL-2.1-or-later
libcap2,BSD-3-Clause AND GPL-2.0-only AND GPL-2.0-or-later,BLOCKER,no acceptable option in OR expression: BSD-3-Clause AND GPL-2.0-only AND GPL-2.0-or-later
libcdio-cdda2t64,GFDL-1.2-no-invariants-only AND GFDL-1.2-only AND GPL-3.0-only AND GPL-3.0-or-later,BLOCKER,no acceptable option in OR expression: GFDL-1.2-no-invariants-only AND GFDL-1.2-only AND GPL-3.0-only AND GPL-3.0-or-later
libcdio-paranoia2t64,GFDL-1.2-no-invariants-only AND GFDL-1.2-only AND GPL-3.0-only AND GPL-3.0-or-later,BLOCKER,no acceptable option in OR expression: GFDL-1.2-no-invariants-only AND GFDL-1.2-only AND GPL-3.0-only AND GPL-3.0-or-later
libcdio19t64,GFDL-1.2-only AND GPL-2+ with autoconf-macro exception AND GPL-2.0-only AND GPL-3.0-only,BLOCKER,"AND expression, worst component governs: GFDL-1.2-only AND GPL-2+ with autoconf-macro exception AND GPL-2.0-only AND GPL-3.0-only"
libchromaprint1,BSD-3-Clause AND LGPL-2.1-only AND LGPL-2.1-or-later AND MIT,REVIEW,"OR expression, best option is weak-copyleft: BSD-3-Clause AND LGPL-2.1-only AND LGPL-2.1-or-later AND MIT"
libcjson1,Apache-2.0 AND MIT,OK,"AND expression, worst component governs: Apache-2.0 AND MIT"
libcodec2-1.2,JMVBSD AND KISSFFTBSD AND LGPL-2.1-only,UNKNOWN,"AND expression, worst component governs: JMVBSD AND KISSFFTBSD AND LGPL-2.1-only"
libcom-err2,0BSD AND Apache-2.0 AND BSD-3-Clause AND BSD-3-Clause-Variant AND BSD-4-Clause-CMU AND GPL-2+ with Texinfo exception AND GPL-2.0-only AND GPL-2.0-or-later AND ISC AND Kazlib AND LGPL-2.0-only AND Latex2e AND MIT AND MIT-US-export,BLOCKER,no acceptable option in OR expression: 0BSD AND Apache-2.0 AND BSD-3-Clause AND BSD-3-Clause-Variant AND BSD-4-Clause-CMU AND GPL-2+ with Texinfo exception AND GPL-2.0-only AND GPL-2.0-or-later AND ISC AND Kazlib AND LGPL-2.0-only AND Latex2e AND MIT AND MIT-US-export
libcurl4t64,BSD-3-Clause AND BSD-4-Clause-UC AND FSFULLR AND GPL-2+ with Autoconf-data exception AND GPL-2+ with Libtool exception AND GPL-2.0-only AND GPL-3+ with Autoconf-data exception AND ISC AND OLDAP-2.8 AND X11 AND curl,BLOCKER,"AND expression, worst component governs: BSD-3-Clause AND BSD-4-Clause-UC AND FSFULLR AND GPL-2+ with Autoconf-data exception AND GPL-2+ with Libtool exception AND GPL-2.0-only AND GPL-3+ with Autoconf-data exception AND ISC AND OLDAP-2.8 AND X11 AND curl"
libdatrie1,GPL-2.0-only AND GPL-2.0-or-later AND LGPL-2.1-only AND LGPL-2.1-or-later,BLOCKER,no acceptable option in OR expression: GPL-2.0-only AND GPL-2.0-or-later AND LGPL-2.1-only AND LGPL-2.1-or-later
libdav1d7,BSD-2-Clause AND ISC AND public-domain,UNKNOWN,"AND expression, worst component governs: BSD-2-Clause AND ISC AND public-domain"
libdb5.3t64,Artistic-2.0 AND BSD-3-Clause AND BSD-3-clause-fjord AND GPL-2.0-or-later AND GPL-3.0-only AND MIT-old AND MS-PL AND Sleepycat AND TCL-like AND X11 AND Zlib,BLOCKER,no acceptable option in OR expression: Artistic-2.0 AND BSD-3-Clause AND BSD-3-clause-fjord AND GPL-2.0-or-later AND GPL-3.0-only AND MIT-old AND MS-PL AND Sleepycat AND TCL-like AND X11 AND Zlib
libdbus-1-3,AFL-2.1 AND BSD-3-Clause AND BSD-3-clause-generic AND GPL-2.0-only AND GPL-2.0-or-later AND LGPL-2.1-only AND LGPL-2.1-or-later AND MIT AND Tcl-BSDish AND g10-permissive,BLOCKER,no acceptable option in OR expression: AFL-2.1 AND BSD-3-Clause AND BSD-3-clause-generic AND GPL-2.0-only AND GPL-2.0-or-later AND LGPL-2.1-only AND LGPL-2.1-or-later AND MIT AND Tcl-BSDish AND g10-permissive
libdc1394-25,GPL-2.0-only AND GPL-2.0-or-later AND LGPL-2.1-only AND LGPL-2.1-or-later,BLOCKER,no acceptable option in OR expression: GPL-2.0-only AND GPL-2.0-or-later AND LGPL-2.1-only AND LGPL-2.1-or-later
libdebconfclient0,BSD-2-Clause AND GPL-2.0-only AND GPL-2.0-or-later,BLOCKER,no acceptable option in OR expression: BSD-2-Clause AND GPL-2.0-only AND GPL-2.0-or-later
libdecor-0-0,GPL-3.0-only AND GPL-3.0-or-later AND MIT,BLOCKER,no acceptable option in OR expression: GPL-3.0-only AND GPL-3.0-or-later AND MIT
libdeflate0,MIT,OK,permissive
libdvdnav4,GPL-2.0-only AND GPL-2.0-or-later AND LGPL-2.0-only AND LGPL-2.0-or-later,BLOCKER,no acceptable option in OR expression: GPL-2.0-only AND GPL-2.0-or-later AND LGPL-2.0-only AND LGPL-2.0-or-later
libdvdread8t64,GPL-2.0-only AND GPL-2.0-or-later AND GPL-3.0-only AND LGPL-2.1-only AND LGPL-2.1-or-later,BLOCKER,no acceptable option in OR expression: GPL-2.0-only AND GPL-2.0-or-later AND GPL-3.0-only AND LGPL-2.1-only AND LGPL-2.1-or-later
libedit2,BSD-3-Clause,OK,permissive
libelf1t64,BSD-2-Clause AND GFDL-1.3-no-invariants-only AND GFDL-1.3-only AND GPL-2.0-only AND GPL-2.0-or-later AND GPL-3+ with Bison exception AND GPL-3.0-only AND GPL-3.0-or-later AND LGPL-2.1-only AND LGPL-2.1-or-later AND LGPL-3.0-only AND LGPL-3.0-or-later,BLOCKER,no acceptable option in OR expression: BSD-2-Clause AND GFDL-1.3-no-invariants-only AND GFDL-1.3-only AND GPL-2.0-only AND GPL-2.0-or-later AND GPL-3+ with Bison exception AND GPL-3.0-only AND GPL-3.0-or-later AND LGPL-2.1-only AND LGPL-2.1-or-later AND LGPL-3.0-only AND LGPL-3.0-or-later
libexpat1,MIT,OK,permissive
libffi8,GPL-2.0-or-later AND GPL-3.0-or-later AND LGPL-2.1-or-later AND MIT AND MPL-1.1 AND X11 AND public-domain,BLOCKER,no acceptable option in OR expression: GPL-2.0-or-later AND GPL-3.0-or-later AND LGPL-2.1-or-later AND MIT AND MPL-1.1 AND X11 AND public-domain
libfftw3-double3,GPL-2.0-only AND GPL-2.0-or-later,BLOCKER,no acceptable option in OR expression: GPL-2.0-only AND GPL-2.0-or-later
libflac14,BSD-3-Clause AND GFDL-1.1-or-later AND GFDL-1.2-only AND GPL-2.0-only AND GPL-2.0-or-later AND ISC AND LGPL-2.0-only AND LGPL-2.0-or-later AND LGPL-2.1-only AND LGPL-2.1-or-later AND Public-domain,BLOCKER,no acceptable option in OR expression: BSD-3-Clause AND GFDL-1.1-or-later AND GFDL-1.2-only AND GPL-2.0-only AND GPL-2.0-or-later AND ISC AND LGPL-2.0-only AND LGPL-2.0-or-later AND LGPL-2.1-only AND LGPL-2.1-or-later AND Public-domain
libflite1,GPL-2.0-only AND GPL-3.0-only,BLOCKER,"AND expression, worst component governs: GPL-2.0-only AND GPL-3.0-only"
libfreetype6,BSD-3-Clause AND BSL-1.0 AND FSFAP AND FTL AND GPL-2.0-only AND GPL-2.0-or-later AND GPL-3.0-only AND GPL-3.0-or-later AND MIT AND MIT-Modern-Variant AND MIT-SMC AND OpenGroup-MIT AND Public-Domain AND Zlib,BLOCKER,no acceptable option in OR expression: BSD-3-Clause AND BSL-1.0 AND FSFAP AND FTL AND GPL-2.0-only AND GPL-2.0-or-later AND GPL-3.0-only AND GPL-3.0-or-later AND MIT AND MIT-Modern-Variant AND MIT-SMC AND OpenGroup-MIT AND Public-Domain AND Zlib
libfribidi0,LGPL-2.1-only AND LGPL-2.1-or-later,REVIEW,"OR expression, best option is weak-copyleft: LGPL-2.1-only AND LGPL-2.1-or-later"
libgbm1,Apache-2.0 AND BSD-2-Clause AND BSD-3-google AND BSL-1.0 AND GPL-1.0-only AND GPL-1.0-or-later AND GPL-2.0-only AND GPL-2.0-or-later AND Khronos AND MIT AND MLAA AND SGI,BLOCKER,no acceptable option in OR expression: Apache-2.0 AND BSD-2-Clause AND BSD-3-google AND BSL-1.0 AND GPL-1.0-only AND GPL-1.0-or-later AND GPL-2.0-only AND GPL-2.0-or-later AND Khronos AND MIT AND MLAA AND SGI
libgcrypt20,GPL-2.0-only AND LGPL-2.0-or-later,BLOCKER,no acceptable option in OR expression: GPL-2.0-only AND LGPL-2.0-or-later
libgdbm-compat4t64,GFDL-1.3-no-invariants-or-later AND GPL-2.0-only AND GPL-2.0-or-later AND GPL-3.0-only AND GPL-3.0-or-later,BLOCKER,no acceptable option in OR expression: GFDL-1.3-no-invariants-or-later AND GPL-2.0-only AND GPL-2.0-or-later AND GPL-3.0-only AND GPL-3.0-or-later
libgdbm6t64,GFDL-1.3-no-invariants-or-later AND GPL-2.0-only AND GPL-2.0-or-later AND GPL-3.0-only AND GPL-3.0-or-later,BLOCKER,no acceptable option in OR expression: GFDL-1.3-no-invariants-or-later AND GPL-2.0-only AND GPL-2.0-or-later AND GPL-3.0-only AND GPL-3.0-or-later
libgdk-pixbuf-2.0-0,CC0-1.0 AND GPL-2.0-only AND GPL-2.0-or-later AND LGPL-2.0-only AND LGPL-2.0-or-later AND LGPL-2.1-only AND LGPL-2.1-or-later,BLOCKER,no acceptable option in OR expression: CC0-1.0 AND GPL-2.0-only AND GPL-2.0-or-later AND LGPL-2.0-only AND LGPL-2.0-or-later AND LGPL-2.1-only AND LGPL-2.1-or-later
libgdk-pixbuf2.0-common,CC0-1.0 AND GPL-2.0-only AND GPL-2.0-or-later AND LGPL-2.0-only AND LGPL-2.0-or-later AND LGPL-2.1-only AND LGPL-2.1-or-later,BLOCKER,no acceptable option in OR expression: CC0-1.0 AND GPL-2.0-only AND GPL-2.0-or-later AND LGPL-2.0-only AND LGPL-2.0-or-later AND LGPL-2.1-only AND LGPL-2.1-or-later
libgl1,Apache-2.0 AND BSD-1-clause AND GPL-2.0-or-later AND GPL-3.0-only AND GPL-3.0-or-later AND MIT AND public-domain,BLOCKER,no acceptable option in OR expression: Apache-2.0 AND BSD-1-clause AND GPL-2.0-or-later AND GPL-3.0-only AND GPL-3.0-or-later AND MIT AND public-domain
libgl1-mesa-dri,Apache-2.0 AND BSD-2-Clause AND BSD-3-google AND BSL-1.0 AND GPL-1.0-only AND GPL-1.0-or-later AND GPL-2.0-only AND GPL-2.0-or-later AND Khronos AND MIT AND MLAA AND SGI,BLOCKER,no acceptable option in OR expression: Apache-2.0 AND BSD-2-Clause AND BSD-3-google AND BSL-1.0 AND GPL-1.0-only AND GPL-1.0-or-later AND GPL-2.0-only AND GPL-2.0-or-later AND Khronos AND MIT AND MLAA AND SGI
libglib2.0-0t64,AFL-2.0 AND Apache-2.0 AND Apache-2.0 with LLVM exception AND CC-BY-SA-3.0 AND CC0-1.0 AND FSFULLR AND GPL-2.0-only AND GPL-2.0-or-later AND Iconv-PD AND Janik-permissive AND Kuchling-PD AND LGPL-2.0-only AND LGPL-2.0-or-later AND LGPL-2.1-only AND LGPL-2.1-or-later AND LGPL-3.0-only AND LGPL-3.0-or-later AND MIT AND MPL-1.1 AND Mingw-PD AND Plumb-PD AND Unicode-DFS-2016 AND bzip2-1.0.6 AND cmph AND old-glib-tests,BLOCKER,no acceptable option in OR expression: AFL-2.0 AND Apache-2.0 AND Apache-2.0 with LLVM exception AND CC-BY-SA-3.0 AND CC0-1.0 AND FSFULLR AND GPL-2.0-only AND GPL-2.0-or-later AND Iconv-PD AND Janik-permissive AND Kuchling-PD AND LGPL-2.0-only AND LGPL-2.0-or-later AND LGPL-2.1-only AND LGPL-2.1-or-later AND LGPL-3.0-only AND LGPL-3.0-or-later AND MIT AND MPL-1.1 AND Mingw-PD AND Plumb-PD AND Unicode-DFS-2016 AND bzip2-1.0.6 AND cmph AND old-glib-tests
libglvnd0,Apache-2.0 AND BSD-1-clause AND GPL-2.0-or-later AND GPL-3.0-only AND GPL-3.0-or-later AND MIT AND public-domain,BLOCKER,no acceptable option in OR expression: Apache-2.0 AND BSD-1-clause AND GPL-2.0-or-later AND GPL-3.0-only AND GPL-3.0-or-later AND MIT AND public-domain
libglx-mesa0,Apache-2.0 AND BSD-2-Clause AND BSD-3-google AND BSL-1.0 AND GPL-1.0-only AND GPL-1.0-or-later AND GPL-2.0-only AND GPL-2.0-or-later AND Khronos AND MIT AND MLAA AND SGI,BLOCKER,no acceptable option in OR expression: Apache-2.0 AND BSD-2-Clause AND BSD-3-google AND BSL-1.0 AND GPL-1.0-only AND GPL-1.0-or-later AND GPL-2.0-only AND GPL-2.0-or-later AND Khronos AND MIT AND MLAA AND SGI
libglx0,Apache-2.0 AND BSD-1-clause AND GPL-2.0-or-later AND GPL-3.0-only AND GPL-3.0-or-later AND MIT AND public-domain,BLOCKER,no acceptable option in OR expression: Apache-2.0 AND BSD-1-clause AND GPL-2.0-or-later AND GPL-3.0-only AND GPL-3.0-or-later AND MIT AND public-domain
libgme0,LGPL-2.1-only AND LGPL-2.1-or-later AND MIT,REVIEW,"OR expression, best option is weak-copyleft: LGPL-2.1-only AND LGPL-2.1-or-later AND MIT"
libgmp10,GPL-2.0-only AND GPL-2.0-or-later AND GPL-3+ with Bison exception AND GPL-3.0-only AND GPL-3.0-or-later AND LGPL-3.0-only AND LGPL-3.0-or-later,BLOCKER,no acceptable option in OR expression: GPL-2.0-only AND GPL-2.0-or-later AND GPL-3+ with Bison exception AND GPL-3.0-only AND GPL-3.0-or-later AND LGPL-3.0-only AND LGPL-3.0-or-later
libgnutls30t64,Apache-2.0 AND BSD-3-Clause AND CC0-1.0 AND FSFAP AND GFDL-1.3-only AND GPL-2.0-or-later AND GPL-3.0-only AND GPL-3.0-or-later AND LGPL-2.0-or-later AND LGPL-2.1-only AND LGPL-2.1-or-later AND LGPL-3.0-only AND LGPL-3.0-or-later AND MIT,BLOCKER,no acceptable option in OR expression: Apache-2.0 AND BSD-3-Clause AND CC0-1.0 AND FSFAP AND GFDL-1.3-only AND GPL-2.0-or-later AND GPL-3.0-only AND GPL-3.0-or-later AND LGPL-2.0-or-later AND LGPL-2.1-only AND LGPL-2.1-or-later AND LGPL-3.0-only AND LGPL-3.0-or-later AND MIT
libgpg-error0,BSD-3-Clause AND GPL-3.0-only AND GPL-3.0-or-later AND LGPL-2.1-only AND LGPL-2.1-or-later AND g10-permissive,BLOCKER,no acceptable option in OR expression: BSD-3-Clause AND GPL-3.0-only AND GPL-3.0-or-later AND LGPL-2.1-only AND LGPL-2.1-or-later AND g10-permissive
libgraphite2-3,Artistic-2.0 AND GPL-1.0-only AND GPL-1.0-or-later AND GPL-2.0-only AND GPL-2.0-or-later AND LGPL-2.1-only AND LGPL-2.1-or-later AND MPL-1.1 AND custom-sil-open-font-license AND public-domain,BLOCKER,no acceptable option in OR expression: Artistic-2.0 AND GPL-1.0-only AND GPL-1.0-or-later AND GPL-2.0-only AND GPL-2.0-or-later AND LGPL-2.1-only AND LGPL-2.1-or-later AND MPL-1.1 AND custom-sil-open-font-license AND public-domain
libgsm1,TU-Berlin-2.0,UNKNOWN,unrecognized license identifier: TU-Berlin-2.0
libgssapi-krb5-2,GPL-2.0-only,BLOCKER,strong copyleft / source-available / no-license
libharfbuzz0b,Apache-2.0 AND CC0-1.0 AND FSFAP AND FSFUL AND FSFULLR AND GPL-2+ with Font exception AND GPL-2+ with LibTool exception AND GPL-2.0-only AND GPL-2.0-with-autoconf-exception+ AND GPL-3.0-only AND GPL-3.0-or-later AND GPL-3.0-with-autoconf-exception+ AND ISC AND LGPL-2.1-only AND LGPL-2.1-or-later AND MIT AND Monotype AND OFL-1.1 AND UFL-1.0 AND Unicode,BLOCKER,no acceptable option in OR expression: Apache-2.0 AND CC0-1.0 AND FSFAP AND FSFUL AND FSFULLR AND GPL-2+ with Font exception AND GPL-2+ with LibTool exception AND GPL-2.0-only AND GPL-2.0-with-autoconf-exception+ AND GPL-3.0-only AND GPL-3.0-or-later AND GPL-3.0-with-autoconf-exception+ AND ISC AND LGPL-2.1-only AND LGPL-2.1-or-later AND MIT AND Monotype AND OFL-1.1 AND UFL-1.0 AND Unicode
libhogweed6t64,GAP AND GPL-2.0-only AND GPL-2.0-or-later AND GPL-3.0-with-autoconf-exception+ AND LGPL-2.0-only AND LGPL-2.0-or-later AND LGPL-3.0-or-later AND MIT AND public-domain,BLOCKER,no acceptable option in OR expression: GAP AND GPL-2.0-only AND GPL-2.0-or-later AND GPL-3.0-with-autoconf-exception+ AND LGPL-2.0-only AND LGPL-2.0-or-later AND LGPL-3.0-or-later AND MIT AND public-domain
libhwy1t64,Apache-2.0,OK,permissive
libidn2-0,GPL-2.0-only AND GPL-2.0-or-later AND GPL-3.0-only AND GPL-3.0-or-later AND LGPL-3.0-only AND LGPL-3.0-or-later AND MIT AND Unicode,BLOCKER,no acceptable option in OR expression: GPL-2.0-only AND GPL-2.0-or-later AND GPL-3.0-only AND GPL-3.0-or-later AND LGPL-3.0-only AND LGPL-3.0-or-later AND MIT AND Unicode
libiec61883-0,GPL-2.0-only AND GPL-2.0-or-later AND LGPL-2.0-only AND LGPL-2.0-or-later AND LGPL-2.1-only AND LGPL-2.1-or-later,BLOCKER,no acceptable option in OR expression: GPL-2.0-only AND GPL-2.0-or-later AND LGPL-2.0-only AND LGPL-2.0-or-later AND LGPL-2.1-only AND LGPL-2.1-or-later
libimage-exiftool-perl,Artistic-2.0 AND CC-BY-4.0 AND GPL-1.0-only AND GPL-1.0-or-later,BLOCKER,no acceptable option in OR expression: Artistic-2.0 AND CC-BY-4.0 AND GPL-1.0-only AND GPL-1.0-or-later
libjack-jackd2-0,BSD-2-Clause AND BSD-3-Clause AND GPL-2.0-only AND GPL-2.0-or-later AND GPL-2~either AND GPL-2~or AND LGPL-2.0-only AND LGPL-2.0-or-later AND LGPL-2.1-only AND LGPL-2.1-or-later AND MIT AND public-domain~Kroon,BLOCKER,no acceptable option in OR expression: BSD-2-Clause AND BSD-3-Clause AND GPL-2.0-only AND GPL-2.0-or-later AND GPL-2~either AND GPL-2~or AND LGPL-2.0-only AND LGPL-2.0-or-later AND LGPL-2.1-only AND LGPL-2.1-or-later AND MIT AND public-domain~Kroon
libjbig0,GPL-2.0-only AND GPL-2.0-or-later,BLOCKER,no acceptable option in OR expression: GPL-2.0-only AND GPL-2.0-or-later
libjpeg62-turbo,BSD-3-Clause AND BSD-BY-LC-NE AND MIT AND NTP AND Zlib,UNKNOWN,"AND expression, worst component governs: BSD-3-Clause AND BSD-BY-LC-NE AND MIT AND NTP AND Zlib"
libjxl0.11,BSD-3-clause-Google AND ISC,UNKNOWN,"AND expression, worst component governs: BSD-3-clause-Google AND ISC"
libk5crypto3,GPL-2.0-only,BLOCKER,strong copyleft / source-available / no-license
libkeyutils1,GPL-2.0-only AND GPL-2.0-or-later AND LGPL-2.0-only AND LGPL-2.0-or-later,BLOCKER,no acceptable option in OR expression: GPL-2.0-only AND GPL-2.0-or-later AND LGPL-2.0-only AND LGPL-2.0-or-later
libkrb5-3,GPL-2.0-only,BLOCKER,strong copyleft / source-available / no-license
libkrb5support0,GPL-2.0-only,BLOCKER,strong copyleft / source-available / no-license
libksba8,FSFUL AND GPL-3.0-only AND LGPL-2.1-or-later,BLOCKER,no acceptable option in OR expression: FSFUL AND GPL-3.0-only AND LGPL-2.1-or-later
liblapack3,BSD-3-Clause AND BSD-3-clause-intel,UNKNOWN,"AND expression, worst component governs: BSD-3-Clause AND BSD-3-clause-intel"
liblastlog2-2,BSD-2-Clause AND BSD-3-Clause AND BSD-4-Clause AND BSLA AND GPL-2.0-only AND GPL-2.0-or-later AND GPL-3.0-only AND GPL-3.0-or-later AND ISC AND LGPL-2.0-only AND LGPL-2.0-or-later AND LGPL-2.1-only AND LGPL-2.1-or-later AND LGPL-3.0-only AND LGPL-3.0-or-later AND MIT AND public-domain,BLOCKER,no acceptable option in OR expression: BSD-2-Clause AND BSD-3-Clause AND BSD-4-Clause AND BSLA AND GPL-2.0-only AND GPL-2.0-or-later AND GPL-3.0-only AND GPL-3.0-or-later AND ISC AND LGPL-2.0-only AND LGPL-2.0-or-later AND LGPL-2.1-only AND LGPL-2.1-or-later AND LGPL-3.0-only AND LGPL-3.0-or-later AND MIT AND public-domain
liblcms2-2,GPL-2.0-only AND GPL-2.0-or-later AND GPL-3.0-only AND IJG AND MIT,BLOCKER,no acceptable option in OR expression: GPL-2.0-only AND GPL-2.0-or-later AND GPL-3.0-only AND IJG AND MIT
libldap2,BSD-3-Clause AND BSD-3-clause-California AND BSD-3-clause-variant AND BSD-4-clause-California AND Beerware AND Expat-ISC AND Expat-UNM AND F5 AND FSF-unlimited AND GPL-2+ with Libtool exception AND GPL-2.0-only AND GPL-2.0-or-later AND GPL-2.0-with-autoconf-exception+ AND GPL-3+ with Libtool exception AND GPL-3.0-only AND GPL-3.0-or-later AND GPL-3.0-with-autoconf-exception+ AND JCG AND MIT AND MIT-XC AND NeoSoft-permissive AND OpenLDAP-2.8 AND UMich AND public-domain,BLOCKER,no acceptable option in OR expression: BSD-3-Clause AND BSD-3-clause-California AND BSD-3-clause-variant AND BSD-4-clause-California AND Beerware AND Expat-ISC AND Expat-UNM AND F5 AND FSF-unlimited AND GPL-2+ with Libtool exception AND GPL-2.0-only AND GPL-2.0-or-later AND GPL-2.0-with-autoconf-exception+ AND GPL-3+ with Libtool exception AND GPL-3.0-only AND GPL-3.0-or-later AND GPL-3.0-with-autoconf-exception+ AND JCG AND MIT AND MIT-XC AND NeoSoft-permissive AND OpenLDAP-2.8 AND UMich AND public-domain
liblerc4,Apache-2.0,OK,permissive
liblilv-0-0,0BSD AND ISC,OK,"AND expression, worst component governs: 0BSD AND ISC"
libllvm19,APACHE-2-LLVM-EXCEPTIONS AND Apache-2.0 AND BSD-3-Clause AND MIT AND Python-2.0 AND solar-public-domain,UNKNOWN,"AND expression, worst component governs: APACHE-2-LLVM-EXCEPTIONS AND Apache-2.0 AND BSD-3-Clause AND MIT AND Python-2.0 AND solar-public-domain"
liblz4-1,BSD-2-Clause AND GPL-2.0-only AND GPL-2.0-or-later,BLOCKER,no acceptable option in OR expression: BSD-2-Clause AND GPL-2.0-only AND GPL-2.0-or-later
liblzma5,0BSD AND FSFUL AND FSFULLR AND GPL-2.0-only AND GPL-2.0-or-later AND GPL-3.0-only AND GPL-3.0-or-later-WITH-Autoconf-exception-macro AND LGPL-2.1-only AND LGPL-2.1-or-later AND PD AND PD-debian AND noderivs AND none AND permissive-nowarranty,BLOCKER,no acceptable option in OR expression: 0BSD AND FSFUL AND FSFULLR AND GPL-2.0-only AND GPL-2.0-or-later AND GPL-3.0-only AND GPL-3.0-or-later-WITH-Autoconf-exception-macro AND LGPL-2.1-only AND LGPL-2.1-or-later AND PD AND PD-debian AND noderivs AND none AND permissive-nowarranty
libmbedcrypto16,Apache-2.0 AND GPL-2.0-only AND GPL-2.0-or-later,BLOCKER,no acceptable option in OR expression: Apache-2.0 AND GPL-2.0-only AND GPL-2.0-or-later
libmd0,BSD-2-Clause AND BSD-2-Clause-NetBSD AND BSD-3-Clause AND BSD-3-clause-Aaron-D-Gifford AND Beerware AND ISC AND public-domain-md4 AND public-domain-md5 AND public-domain-sha1,UNKNOWN,"AND expression, worst component governs: BSD-2-Clause AND BSD-2-Clause-NetBSD AND BSD-3-Clause AND BSD-3-clause-Aaron-D-Gifford AND Beerware AND ISC AND public-domain-md4 AND public-domain-md5 AND public-domain-sha1"
libmount1,BSD-2-Clause AND BSD-3-Clause AND BSD-4-Clause AND BSLA AND GPL-2.0-only AND GPL-2.0-or-later AND GPL-3.0-only AND GPL-3.0-or-later AND ISC AND LGPL-2.0-only AND LGPL-2.0-or-later AND LGPL-2.1-only AND LGPL-2.1-or-later AND LGPL-3.0-only AND LGPL-3.0-or-later AND MIT AND public-domain,BLOCKER,no acceptable option in OR expression: BSD-2-Clause AND BSD-3-Clause AND BSD-4-Clause AND BSLA AND GPL-2.0-only AND GPL-2.0-or-later AND GPL-3.0-only AND GPL-3.0-or-later AND ISC AND LGPL-2.0-only AND LGPL-2.0-or-later AND LGPL-2.1-only AND LGPL-2.1-or-later AND LGPL-3.0-only AND LGPL-3.0-or-later AND MIT AND public-domain
libmp3lame0,BSD-3-Clause AND GPL-1.0-only AND GPL-1.0-or-later AND LGPL-2.0-only AND LGPL-2.0-or-later AND LGPL-2.1-only AND LGPL-2.1-or-later AND zlib-acknowledgement,BLOCKER,no acceptable option in OR expression: BSD-3-Clause AND GPL-1.0-only AND GPL-1.0-or-later AND LGPL-2.0-only AND LGPL-2.0-or-later AND LGPL-2.1-only AND LGPL-2.1-or-later AND zlib-acknowledgement
libmpg123-0t64,LGPL-2.1-only,REVIEW,weak copyleft
libmysofa1,BSD-3-Clause AND CC-BY-4.0 AND CC-BY-SA-3.0 AND cipic AND listen-ircam AND mit-kemar AND public-domain,UNKNOWN,"AND expression, worst component governs: BSD-3-Clause AND CC-BY-4.0 AND CC-BY-SA-3.0 AND cipic AND listen-ircam AND mit-kemar AND public-domain"
libnettle8t64,GAP AND GPL-2.0-only AND GPL-2.0-or-later AND GPL-3.0-with-autoconf-exception+ AND LGPL-2.0-only AND LGPL-2.0-or-later AND LGPL-3.0-or-later AND MIT AND public-domain,BLOCKER,no acceptable option in OR expression: GAP AND GPL-2.0-only AND GPL-2.0-or-later AND GPL-3.0-with-autoconf-exception+ AND LGPL-2.0-only AND LGPL-2.0-or-later AND LGPL-3.0-or-later AND MIT AND public-domain
libnghttp2-14,BSD-2-Clause AND GPL-3.0-only AND GPL-3.0-with-autoconf-exception+ AND MIT AND all-permissive,BLOCKER,"AND expression, worst component governs: BSD-2-Clause AND GPL-3.0-only AND GPL-3.0-with-autoconf-exception+ AND MIT AND all-permissive"
libnghttp3-9,FSFAP AND FSFUL AND FSFULLR AND GPL-2+ with Autoconf generic exception AND GPL-2+ with Libtool Exception AND GPL-2.0-only AND GPL-3+ with Autoconf generic exception AND GPL-3.0-only AND GPL-3.0-or-later AND MIT,BLOCKER,no acceptable option in OR expression: FSFAP AND FSFUL AND FSFULLR AND GPL-2+ with Autoconf generic exception AND GPL-2+ with Libtool Exception AND GPL-2.0-only AND GPL-3+ with Autoconf generic exception AND GPL-3.0-only AND GPL-3.0-or-later AND MIT
libnorm1t64,BSD-2-Clause AND BSD-3-Clause AND BSD-4-Clause-UC AND NRL-2-clause AND NRL-3-clause,UNKNOWN,"AND expression, worst component governs: BSD-2-Clause AND BSD-3-Clause AND BSD-4-Clause-UC AND NRL-2-clause AND NRL-3-clause"
libnpth0t64,LGPL-2.1-only AND LGPL-2.1-or-later,REVIEW,"OR expression, best option is weak-copyleft: LGPL-2.1-only AND LGPL-2.1-or-later"
libnuma1,GPL-2.0-or-later AND LGPL-2.0-or-later,BLOCKER,no acceptable option in OR expression: GPL-2.0-or-later AND LGPL-2.0-or-later
libogg0,BSD-3-Clause AND rfc3533-license AND rfc5334-license,UNKNOWN,"AND expression, worst component governs: BSD-3-Clause AND rfc3533-license AND rfc5334-license"
libopenal-data,Apache-2.0 AND BSD-3-Clause AND GPL-2.0-or-later AND GPL-3.0-only AND GPL-3.0-or-later AND LGPL-2.0-or-later AND MIT,BLOCKER,no acceptable option in OR expression: Apache-2.0 AND BSD-3-Clause AND GPL-2.0-or-later AND GPL-3.0-only AND GPL-3.0-or-later AND LGPL-2.0-or-later AND MIT
libopenal1,Apache-2.0 AND BSD-3-Clause AND GPL-2.0-or-later AND GPL-3.0-only AND GPL-3.0-or-later AND LGPL-2.0-or-later AND MIT,BLOCKER,no acceptable option in OR expression: Apache-2.0 AND BSD-3-Clause AND GPL-2.0-or-later AND GPL-3.0-only AND GPL-3.0-or-later AND LGPL-2.0-or-later AND MIT
libopenblas0,Apache-2.0 AND BSD-2-Clause AND BSD-2-clause-texas AND BSD-3-Clause AND public-domain,UNKNOWN,"AND expression, worst component governs: Apache-2.0 AND BSD-2-Clause AND BSD-2-clause-texas AND BSD-3-Clause AND public-domain"
libopenblas0-pthread,Apache-2.0 AND BSD-2-Clause AND BSD-2-clause-texas AND BSD-3-Clause AND public-domain,UNKNOWN,"AND expression, worst component governs: Apache-2.0 AND BSD-2-Clause AND BSD-2-clause-texas AND BSD-3-Clause AND public-domain"
libopenjp2-7,BSD-2-Clause AND BSD-3-Clause AND LIBTIFF AND LIBTIFF-GLARSON AND LIBTIFF-PIXAR AND Libpng AND MIT AND Zlib,UNKNOWN,"AND expression, worst component governs: BSD-2-Clause AND BSD-3-Clause AND LIBTIFF AND LIBTIFF-GLARSON AND LIBTIFF-PIXAR AND Libpng AND MIT AND Zlib"
libopenmpt0t64,BSD-3-Clause AND BSL-1.0 AND GNU-All-Permissive-License AND GNU-All-Permissive-License-FSF AND GPL-2+ with LibTool exception AND GPL-2.0-only AND GPL-2.0-with-autoconf-exception+ AND GPL-3+ with Autoconf Macros exception AND GPL-3.0-only AND GPL-3.0-with-autoconf-exception+ AND X11,BLOCKER,"AND expression, worst component governs: BSD-3-Clause AND BSL-1.0 AND GNU-All-Permissive-License AND GNU-All-Permissive-License-FSF AND GPL-2+ with LibTool exception AND GPL-2.0-only AND GPL-2.0-with-autoconf-exception+ AND GPL-3+ with Autoconf Macros exception AND GPL-3.0-only AND GPL-3.0-with-autoconf-exception+ AND X11"
libopus0,BSD-2-Clause AND BSD-3-Clause,OK,"AND expression, worst component governs: BSD-2-Clause AND BSD-3-Clause"
libp11-kit0,Apache-2.0 AND BSD-3-Clause AND FSFAP AND FSFULLR AND GPL-2+ with Autoconf-data exception AND GPL-3+ with Autoconf-data exception AND ISC AND LGPL-2.1-only AND LGPL-2.1-or-later AND X11 AND customFSFUL AND customFSFULLRWD,BLOCKER,no acceptable option in OR expression: Apache-2.0 AND BSD-3-Clause AND FSFAP AND FSFULLR AND GPL-2+ with Autoconf-data exception AND GPL-3+ with Autoconf-data exception AND ISC AND LGPL-2.1-only AND LGPL-2.1-or-later AND X11 AND customFSFUL AND customFSFULLRWD
libpam-modules,BSD-3-Clause AND BSD-tcp_wrappers AND Beerware AND GPL-1.0-only AND GPL-2.0-only AND GPL-2.0-or-later AND GPL-3+ with Bison exception AND GPL-3.0-only AND LGPL-2.0-only AND LGPL-2.0-or-later AND public-domain,BLOCKER,no acceptable option in OR expression: BSD-3-Clause AND BSD-tcp_wrappers AND Beerware AND GPL-1.0-only AND GPL-2.0-only AND GPL-2.0-or-later AND GPL-3+ with Bison exception AND GPL-3.0-only AND LGPL-2.0-only AND LGPL-2.0-or-later AND public-domain
libpam-modules-bin,BSD-3-Clause AND BSD-tcp_wrappers AND Beerware AND GPL-1.0-only AND GPL-2.0-only AND GPL-2.0-or-later AND GPL-3+ with Bison exception AND GPL-3.0-only AND LGPL-2.0-only AND LGPL-2.0-or-later AND public-domain,BLOCKER,no acceptable option in OR expression: BSD-3-Clause AND BSD-tcp_wrappers AND Beerware AND GPL-1.0-only AND GPL-2.0-only AND GPL-2.0-or-later AND GPL-3+ with Bison exception AND GPL-3.0-only AND LGPL-2.0-only AND LGPL-2.0-or-later AND public-domain
libpam-runtime,BSD-3-Clause AND BSD-tcp_wrappers AND Beerware AND GPL-1.0-only AND GPL-2.0-only AND GPL-2.0-or-later AND GPL-3+ with Bison exception AND GPL-3.0-only AND LGPL-2.0-only AND LGPL-2.0-or-later AND public-domain,BLOCKER,no acceptable option in OR expression: BSD-3-Clause AND BSD-tcp_wrappers AND Beerware AND GPL-1.0-only AND GPL-2.0-only AND GPL-2.0-or-later AND GPL-3+ with Bison exception AND GPL-3.0-only AND LGPL-2.0-only AND LGPL-2.0-or-later AND public-domain
libpam0g,BSD-3-Clause AND BSD-tcp_wrappers AND Beerware AND GPL-1.0-only AND GPL-2.0-only AND GPL-2.0-or-later AND GPL-3+ with Bison exception AND GPL-3.0-only AND LGPL-2.0-only AND LGPL-2.0-or-later AND public-domain,BLOCKER,no acceptable option in OR expression: BSD-3-Clause AND BSD-tcp_wrappers AND Beerware AND GPL-1.0-only AND GPL-2.0-only AND GPL-2.0-or-later AND GPL-3+ with Bison exception AND GPL-3.0-only AND LGPL-2.0-only AND LGPL-2.0-or-later AND public-domain
libpango-1.0-0,Apache-2.0 AND Bitstream-Vera AND Chromium-BSD-style AND Example AND ICU AND LGPL-2.0-only AND LGPL-2.0-or-later AND LGPL-2.1-only AND LGPL-2.1-or-later AND OFL-1.1 AND TCL AND Unicode,BLOCKER,no acceptable option in OR expression: Apache-2.0 AND Bitstream-Vera AND Chromium-BSD-style AND Example AND ICU AND LGPL-2.0-only AND LGPL-2.0-or-later AND LGPL-2.1-only AND LGPL-2.1-or-later AND OFL-1.1 AND TCL AND Unicode
libpangocairo-1.0-0,Apache-2.0 AND Bitstream-Vera AND Chromium-BSD-style AND Example AND ICU AND LGPL-2.0-only AND LGPL-2.0-or-later AND LGPL-2.1-only AND LGPL-2.1-or-later AND OFL-1.1 AND TCL AND Unicode,BLOCKER,no acceptable option in OR expression: Apache-2.0 AND Bitstream-Vera AND Chromium-BSD-style AND Example AND ICU AND LGPL-2.0-only AND LGPL-2.0-or-later AND LGPL-2.1-only AND LGPL-2.1-or-later AND OFL-1.1 AND TCL AND Unicode
libpangoft2-1.0-0,Apache-2.0 AND Bitstream-Vera AND Chromium-BSD-style AND Example AND ICU AND LGPL-2.0-only AND LGPL-2.0-or-later AND LGPL-2.1-only AND LGPL-2.1-or-later AND OFL-1.1 AND TCL AND Unicode,BLOCKER,no acceptable option in OR expression: Apache-2.0 AND Bitstream-Vera AND Chromium-BSD-style AND Example AND ICU AND LGPL-2.0-only AND LGPL-2.0-or-later AND LGPL-2.1-only AND LGPL-2.1-or-later AND OFL-1.1 AND TCL AND Unicode
libpciaccess0,GPL-2.0-or-later,BLOCKER,no acceptable option in OR expression: GPL-2.0-or-later
libpcre2-8-0,BSD-2-Clause AND BSD-3-Clause AND BSD-3-clause-Cambridge with BINARY LIBRARY-LIKE PACKAGES exception AND X11 AND public-domain,UNKNOWN,"AND expression, worst component governs: BSD-2-Clause AND BSD-3-Clause AND BSD-3-clause-Cambridge with BINARY LIBRARY-LIKE PACKAGES exception AND X11 AND public-domain"
libperl5.40,Artistic-2 AND Artistic-2.0 AND Artistic-dist AND BSD-3-Clause AND BSD-3-clause-GENERIC AND BSD-3-clause-with-weird-numbering AND BSD-4-clause-POWERDOG AND BZIP AND CC0-1.0 AND DONT-CHANGE-THE-GPL AND FSFAP AND GPL-1.0-only AND GPL-1.0-or-later AND GPL-2.0-only AND GPL-2.0-or-later AND GPL-2.0-with-bison-exception+ AND LGPL-2.1-only AND MIT AND REGCOMP AND SDBM-PUBLIC-DOMAIN AND TEXT-TABS AND Unicode AND Zlib,BLOCKER,no acceptable option in OR expression: Artistic-2 AND Artistic-2.0 AND Artistic-dist AND BSD-3-Clause AND BSD-3-clause-GENERIC AND BSD-3-clause-with-weird-numbering AND BSD-4-clause-POWERDOG AND BZIP AND CC0-1.0 AND DONT-CHANGE-THE-GPL AND FSFAP AND GPL-1.0-only AND GPL-1.0-or-later AND GPL-2.0-only AND GPL-2.0-or-later AND GPL-2.0-with-bison-exception+ AND LGPL-2.1-only AND MIT AND REGCOMP AND SDBM-PUBLIC-DOMAIN AND TEXT-TABS AND Unicode AND Zlib
libpgm-5.3-0t64,BSD-3-Clause AND ISC AND LGPL-2.0-only AND LGPL-2.0-or-later AND LGPL-2.1-only,REVIEW,"OR expression, best option is weak-copyleft: BSD-3-Clause AND ISC AND LGPL-2.0-only AND LGPL-2.0-or-later AND LGPL-2.1-only"
libplacebo349,CC0-1.0 AND LGPL-2.1-only AND LGPL-2.1-or-later AND MIT AND Zlib,REVIEW,"OR expression, best option is weak-copyleft: CC0-1.0 AND LGPL-2.1-only AND LGPL-2.1-or-later AND MIT AND Zlib"
libpng16-16t64,Apache-2.0 AND BSD-3-Clause AND BSD-like-with-advertising-clause AND GPL-2.0-only AND GPL-2.0-or-later AND Libpng AND MIT AND libpng OR Apache-2.0 OR BSD-3-clause,OK,satisfied by an OR'd permissive option: Apache-2.0 AND BSD-3-Clause AND BSD-like-with-advertising-clause AND GPL-2.0-only AND GPL-2.0-or-later AND Libpng AND MIT AND libpng OR Apache-2.0 OR BSD-3-clause
libpocketsphinx3,BSD-2-Clause AND BSD-3-Clause AND GPL-2.0-only AND GPL-2.0-or-later,BLOCKER,no acceptable option in OR expression: BSD-2-Clause AND BSD-3-Clause AND GPL-2.0-only AND GPL-2.0-or-later
libpostproc58,BSD-1-clause AND BSD-2-Clause AND BSD-3-Clause AND BSL-1.0 AND GPL-2.0-only AND GPL-2.0-or-later AND GPL-3.0-only AND GPL-3.0-or-later AND IJG AND ISC AND LGPL-2.0-or-later AND LGPL-2.1-only AND LGPL-2.1-or-later AND MIT AND Sundry AND Zlib AND man-page AND public-domain,BLOCKER,no acceptable option in OR expression: BSD-1-clause AND BSD-2-Clause AND BSD-3-Clause AND BSL-1.0 AND GPL-2.0-only AND GPL-2.0-or-later AND GPL-3.0-only AND GPL-3.0-or-later AND IJG AND ISC AND LGPL-2.0-or-later AND LGPL-2.1-only AND LGPL-2.1-or-later AND MIT AND Sundry AND Zlib AND man-page AND public-domain
libpq5,Artistic-2.0 AND BSD-2-Clause AND BSD-3-Clause AND Custom-Unicode AND Custom-pg_dump AND Custom-regex AND GPL-1.0-only AND PostgreSQL AND Tcl AND double-metaphone AND nagaysau-ishii,BLOCKER,"AND expression, worst component governs: Artistic-2.0 AND BSD-2-Clause AND BSD-3-Clause AND Custom-Unicode AND Custom-pg_dump AND Custom-regex AND GPL-1.0-only AND PostgreSQL AND Tcl AND double-metaphone AND nagaysau-ishii"
libpsl5t64,Chromium AND MIT AND gnulib,UNKNOWN,"AND expression, worst component governs: Chromium AND MIT AND gnulib"
libpulse0,GPL-2.0-only AND GPL-2.0-or-later AND LGPL-2.0-only AND LGPL-2.0-or-later AND LGPL-2.1-only AND LGPL-2.1-or-later AND other,BLOCKER,no acceptable option in OR expression: GPL-2.0-only AND GPL-2.0-or-later AND LGPL-2.0-only AND LGPL-2.0-or-later AND LGPL-2.1-only AND LGPL-2.1-or-later AND other
librabbitmq4,MIT,OK,permissive
librav1e0.7,BSD-2-Clause AND ISC,OK,"AND expression, worst component governs: BSD-2-Clause AND ISC"
libraw1394-11,GPL-2.0-or-later AND LGPL-2.0-or-later,BLOCKER,no acceptable option in OR expression: GPL-2.0-or-later AND LGPL-2.0-or-later
libreadline8t64,GFDL-1.3-no-invariants-or-later AND GFDL-1.3-or-later AND GPL-2.0-only AND GPL-2.0-or-later AND GPL-3.0-only AND GPL-3.0-or-later AND ISC-no-attribution,BLOCKER,no acceptable option in OR expression: GFDL-1.3-no-invariants-or-later AND GFDL-1.3-or-later AND GPL-2.0-only AND GPL-2.0-or-later AND GPL-3.0-only AND GPL-3.0-or-later AND ISC-no-attribution
librist4,BSD-1-clause AND BSD-2-Clause AND ISC AND public-domain,UNKNOWN,"AND expression, worst component governs: BSD-1-clause AND BSD-2-Clause AND ISC AND public-domain"
librsvg2-2,0BSD AND Apache-2.0 AND BSD-2-Clause AND BSD-3-Clause AND BSL-1.0 AND CC-zero-waive-1.0-us AND FSFAP AND LGPL-2.0-only AND LGPL-2.0-or-later AND MIT AND MPL-2.0 AND OFL-1.1 AND Sun-permissive AND Unlicense AND Zlib,BLOCKER,no acceptable option in OR expression: 0BSD AND Apache-2.0 AND BSD-2-Clause AND BSD-3-Clause AND BSL-1.0 AND CC-zero-waive-1.0-us AND FSFAP AND LGPL-2.0-only AND LGPL-2.0-or-later AND MIT AND MPL-2.0 AND OFL-1.1 AND Sun-permissive AND Unlicense AND Zlib
librtmp1,GPL-2.0-only AND LGPL-2.1-only,BLOCKER,"AND expression, worst component governs: GPL-2.0-only AND LGPL-2.1-only"
librubberband2,BSD-3-Clause AND GPL-2.0-only AND GPL-2.0-or-later AND MIT AND Zlib AND other-1,BLOCKER,no acceptable option in OR expression: BSD-3-Clause AND GPL-2.0-only AND GPL-2.0-or-later AND MIT AND Zlib AND other-1
libsamplerate0,BSD-2-Clause AND FSFAP AND GPL-2.0-only AND GPL-2.0-or-later AND GPL-3.0-only AND GPL-3.0-or-later,BLOCKER,no acceptable option in OR expression: BSD-2-Clause AND FSFAP AND GPL-2.0-only AND GPL-2.0-or-later AND GPL-3.0-only AND GPL-3.0-or-later
libsasl2-2,BSD-2-Clause AND BSD-2.2-clause AND BSD-3-Clause AND BSD-3-Clause-Attribution AND BSD-3-clause-JANET AND BSD-3-clause-PADL AND BSD-4-Clause-UC AND CUSTOM License: BSD-3-Clause-Attribution and IBM-as-is... AND CUSTOM License: IBM-as-is... AND FSFULLR AND GPL-3.0-only AND GPL-3.0-or-later AND MIT-CMU AND MIT-Export AND MIT-OpenVision AND OpenLDAP AND RSA-MD,BLOCKER,no acceptable option in OR expression: BSD-2-Clause AND BSD-2.2-clause AND BSD-3-Clause AND BSD-3-Clause-Attribution AND BSD-3-clause-JANET AND BSD-3-clause-PADL AND BSD-4-Clause-UC AND CUSTOM License: BSD-3-Clause-Attribution and IBM-as-is... AND CUSTOM License: IBM-as-is... AND FSFULLR AND GPL-3.0-only AND GPL-3.0-or-later AND MIT-CMU AND MIT-Export AND MIT-OpenVision AND OpenLDAP AND RSA-MD
libsasl2-modules-db,BSD-2-Clause AND BSD-2.2-clause AND BSD-3-Clause AND BSD-3-Clause-Attribution AND BSD-3-clause-JANET AND BSD-3-clause-PADL AND BSD-4-Clause-UC AND CUSTOM License: BSD-3-Clause-Attribution and IBM-as-is... AND CUSTOM License: IBM-as-is... AND FSFULLR AND GPL-3.0-only AND GPL-3.0-or-later AND MIT-CMU AND MIT-Export AND MIT-OpenVision AND OpenLDAP AND RSA-MD,BLOCKER,no acceptable option in OR expression: BSD-2-Clause AND BSD-2.2-clause AND BSD-3-Clause AND BSD-3-Clause-Attribution AND BSD-3-clause-JANET AND BSD-3-clause-PADL AND BSD-4-Clause-UC AND CUSTOM License: BSD-3-Clause-Attribution and IBM-as-is... AND CUSTOM License: IBM-as-is... AND FSFULLR AND GPL-3.0-only AND GPL-3.0-or-later AND MIT-CMU AND MIT-Export AND MIT-OpenVision AND OpenLDAP AND RSA-MD
libsdl2-2.0-0,Apache-2.0 AND BSD-3-Clause AND BSD-3-clause-chromium AND BSD-3-clause-kitware AND BrownUn_UnCalifornia_ErikCorry AND Expat-like AND GPL-3.0-only AND Gareth_McCaughan AND LGPL-2.1-only AND LGPL-2.1-or-later AND MIT AND MIT-open-group AND Mozilla-permissive AND PublicDomain_David_Ludwig AND PublicDomain_Edgar_Simo AND PublicDomain_Sam_Lantinga AND RSA_Data_Security AND SGI-Free-Software-License-B AND SunPro AND hidapi-orig AND zlib-acknowledgement AND zlib-libpng-like-permissive,BLOCKER,no acceptable option in OR expression: Apache-2.0 AND BSD-3-Clause AND BSD-3-clause-chromium AND BSD-3-clause-kitware AND BrownUn_UnCalifornia_ErikCorry AND Expat-like AND GPL-3.0-only AND Gareth_McCaughan AND LGPL-2.1-only AND LGPL-2.1-or-later AND MIT AND MIT-open-group AND Mozilla-permissive AND PublicDomain_David_Ludwig AND PublicDomain_Edgar_Simo AND PublicDomain_Sam_Lantinga AND RSA_Data_Security AND SGI-Free-Software-License-B AND SunPro AND hidapi-orig AND zlib-acknowledgement AND zlib-libpng-like-permissive
libseccomp2,LGPL-2.1-only,REVIEW,weak copyleft
libselinux1,GPL-2.0-only AND public-domain,BLOCKER,"AND expression, worst component governs: GPL-2.0-only AND public-domain"
libsemanage-common,GPL-2.0-only AND LGPL-2.1-only AND LGPL-2.1-or-later,BLOCKER,no acceptable option in OR expression: GPL-2.0-only AND LGPL-2.1-only AND LGPL-2.1-or-later
libsemanage2,GPL-2.0-only AND LGPL-2.1-only AND LGPL-2.1-or-later,BLOCKER,no acceptable option in OR expression: GPL-2.0-only AND LGPL-2.1-only AND LGPL-2.1-or-later
libsensors-config,GPL-2.0-only AND GPL-2.0-or-later AND LGPL-2.1-only AND LGPL-2.1-or-later AND Linux-man-pages-copyleft,BLOCKER,no acceptable option in OR expression: GPL-2.0-only AND GPL-2.0-or-later AND LGPL-2.1-only AND LGPL-2.1-or-later AND Linux-man-pages-copyleft
libsensors5,GPL-2.0-only AND GPL-2.0-or-later AND LGPL-2.1-only AND LGPL-2.1-or-later AND Linux-man-pages-copyleft,BLOCKER,no acceptable option in OR expression: GPL-2.0-only AND GPL-2.0-or-later AND LGPL-2.1-only AND LGPL-2.1-or-later AND Linux-man-pages-copyleft
libsepol2,GPL-2.0-only AND GPL-2.0-or-later AND LGPL-2.1-only AND LGPL-2.1-or-later AND Zlib,BLOCKER,no acceptable option in OR expression: GPL-2.0-only AND GPL-2.0-or-later AND LGPL-2.1-only AND LGPL-2.1-or-later AND Zlib
libserd-0-0,0BSD AND BSD-3-Clause AND ISC,OK,"AND expression, worst component governs: 0BSD AND BSD-3-Clause AND ISC"
libsharpyuv0,Apache-2.0 AND BSD-3-Clause,OK,"AND expression, worst component governs: Apache-2.0 AND BSD-3-Clause"
libshine3,GPL-2.0-only AND GPL-2.0-or-later AND LGPL-2.0-only,BLOCKER,no acceptable option in OR expression: GPL-2.0-only AND GPL-2.0-or-later AND LGPL-2.0-only
libslang2,GPL-2.0-only AND GPL-2.0-or-later,BLOCKER,no acceptable option in OR expression: GPL-2.0-only AND GPL-2.0-or-later
libsmartcols1,BSD-2-Clause AND BSD-3-Clause AND BSD-4-Clause AND BSLA AND GPL-2.0-only AND GPL-2.0-or-later AND GPL-3.0-only AND GPL-3.0-or-later AND ISC AND LGPL-2.0-only AND LGPL-2.0-or-later AND LGPL-2.1-only AND LGPL-2.1-or-later AND LGPL-3.0-only AND LGPL-3.0-or-later AND MIT AND public-domain,BLOCKER,no acceptable option in OR expression: BSD-2-Clause AND BSD-3-Clause AND BSD-4-Clause AND BSLA AND GPL-2.0-only AND GPL-2.0-or-later AND GPL-3.0-only AND GPL-3.0-or-later AND ISC AND LGPL-2.0-only AND LGPL-2.0-or-later AND LGPL-2.1-only AND LGPL-2.1-or-later AND LGPL-3.0-only AND LGPL-3.0-or-later AND MIT AND public-domain
libsnappy1v5,BSD-3-Clause AND CC-BY-3.0 AND CC-BY-4.0 AND MIT AND public-domain,UNKNOWN,"AND expression, worst component governs: BSD-3-Clause AND CC-BY-3.0 AND CC-BY-4.0 AND MIT AND public-domain"
libsndfile1,Apache-2.0 AND BSD-2-Clause AND BSD-3-Clause AND FSFAP AND GPL-2.0-only AND GPL-2.0-or-later AND GPL-3.0-only AND GPL-3.0-or-later AND LGPL-2.0-only AND LGPL-2.0-or-later AND LGPL-2.1-only AND LGPL-2.1-or-later AND NTP AND gsm AND sun,BLOCKER,no acceptable option in OR expression: Apache-2.0 AND BSD-2-Clause AND BSD-3-Clause AND FSFAP AND GPL-2.0-only AND GPL-2.0-or-later AND GPL-3.0-only AND GPL-3.0-or-later AND LGPL-2.0-only AND LGPL-2.0-or-later AND LGPL-2.1-only AND LGPL-2.1-or-later AND NTP AND gsm AND sun
libsodium23,BSD-2-Clause AND CC0-1.0 AND GPL-2.0-only AND GPL-2.0-or-later AND ISC AND MIT AND public-domain,BLOCKER,no acceptable option in OR expression: BSD-2-Clause AND CC0-1.0 AND GPL-2.0-only AND GPL-2.0-or-later AND ISC AND MIT AND public-domain
libsord-0-0,ISC,OK,permissive
libsoxr0,LGPL-2.1-only AND LGPL-2.1-or-later AND Spherepack AND permissive1 AND permissive2,REVIEW,"OR expression, best option is weak-copyleft: LGPL-2.1-only AND LGPL-2.1-or-later AND Spherepack AND permissive1 AND permissive2"
libspeex1,BSD-3-Clause AND GFDL-1.1-or-later AND GFDL-1.2-only AND LGPL-2.0-only AND LGPL-2.0-or-later AND custom-1,BLOCKER,no acceptable option in OR expression: BSD-3-Clause AND GFDL-1.1-or-later AND GFDL-1.2-only AND LGPL-2.0-only AND LGPL-2.0-or-later AND custom-1
libsphinxbase3t64,BSD-2-Clause AND BSD-2-clause-beyond AND BSD-3-Clause AND BSD-3-clause-carnegie AND GPL-2.0-only AND GPL-2.0-or-later AND lucent AND u-o-tennesee,BLOCKER,no acceptable option in OR expression: BSD-2-Clause AND BSD-2-clause-beyond AND BSD-3-Clause AND BSD-3-clause-carnegie AND GPL-2.0-only AND GPL-2.0-or-later AND lucent AND u-o-tennesee
libsqlite3-0,GPL-2.0-only AND GPL-2.0-or-later AND public-domain,BLOCKER,no acceptable option in OR expression: GPL-2.0-only AND GPL-2.0-or-later AND public-domain
libsratom-0-0,0BSD AND ISC,OK,"AND expression, worst component governs: 0BSD AND ISC"
libsrt1.5-gnutls,BSD-3-Clause AND LGPL-2.1-only AND LGPL-2.1-or-later AND MPL-2.0 AND Unlicense AND Zlib,REVIEW,"OR expression, best option is weak-copyleft: BSD-3-Clause AND LGPL-2.1-only AND LGPL-2.1-or-later AND MPL-2.0 AND Unlicense AND Zlib"
libssh-4,BSD-2-Clause AND BSD-3-Clause AND ISC AND LGPL-2.1+~OpenSSL AND LGPL-2.1-only AND public-domain,UNKNOWN,"AND expression, worst component governs: BSD-2-Clause AND BSD-3-Clause AND ISC AND LGPL-2.1+~OpenSSL AND LGPL-2.1-only AND public-domain"
libssh2-1t64,BSD-3-Clause AND ISC,OK,"AND expression, worst component governs: BSD-3-Clause AND ISC"
libssl3t64,Apache-2.0 AND Artistic-2.0 AND GPL-1.0-only AND GPL-1.0-or-later,BLOCKER,no acceptable option in OR expression: Apache-2.0 AND Artistic-2.0 AND GPL-1.0-only AND GPL-1.0-or-later
libsvtav1enc2,BSD-2-Clause AND BSD-3-Clause AND BSD-3-Clause-Clear AND ISC AND LGPL-2.1-only AND LGPL-2.1-or-later AND MIT,REVIEW,"OR expression, best option is weak-copyleft: BSD-2-Clause AND BSD-3-Clause AND BSD-3-Clause-Clear AND ISC AND LGPL-2.1-only AND LGPL-2.1-or-later AND MIT"
libswresample5,BSD-1-clause AND BSD-2-Clause AND BSD-3-Clause AND BSL-1.0 AND GPL-2.0-only AND GPL-2.0-or-later AND GPL-3.0-only AND GPL-3.0-or-later AND IJG AND ISC AND LGPL-2.0-or-later AND LGPL-2.1-only AND LGPL-2.1-or-later AND MIT AND Sundry AND Zlib AND man-page AND public-domain,BLOCKER,no acceptable option in OR expression: BSD-1-clause AND BSD-2-Clause AND BSD-3-Clause AND BSL-1.0 AND GPL-2.0-only AND GPL-2.0-or-later AND GPL-3.0-only AND GPL-3.0-or-later AND IJG AND ISC AND LGPL-2.0-or-later AND LGPL-2.1-only AND LGPL-2.1-or-later AND MIT AND Sundry AND Zlib AND man-page AND public-domain
libswscale8,BSD-1-clause AND BSD-2-Clause AND BSD-3-Clause AND BSL-1.0 AND GPL-2.0-only AND GPL-2.0-or-later AND GPL-3.0-only AND GPL-3.0-or-later AND IJG AND ISC AND LGPL-2.0-or-later AND LGPL-2.1-only AND LGPL-2.1-or-later AND MIT AND Sundry AND Zlib AND man-page AND public-domain,BLOCKER,no acceptable option in OR expression: BSD-1-clause AND BSD-2-Clause AND BSD-3-Clause AND BSL-1.0 AND GPL-2.0-only AND GPL-2.0-or-later AND GPL-3.0-only AND GPL-3.0-or-later AND IJG AND ISC AND LGPL-2.0-or-later AND LGPL-2.1-only AND LGPL-2.1-or-later AND MIT AND Sundry AND Zlib AND man-page AND public-domain
libsystemd0,CC0-1.0 AND GPL-2 with Linux-syscall-note exception AND GPL-2.0-only AND GPL-2.0-or-later AND LGPL-2.1-only AND LGPL-2.1-or-later AND MIT AND public-domain,BLOCKER,no acceptable option in OR expression: CC0-1.0 AND GPL-2 with Linux-syscall-note exception AND GPL-2.0-only AND GPL-2.0-or-later AND LGPL-2.1-only AND LGPL-2.1-or-later AND MIT AND public-domain
libtasn1-6,GFDL-1.3-only AND GPL-3.0-only AND LGPL-2.0-or-later AND LGPL-2.1-only,BLOCKER,no acceptable option in OR expression: GFDL-1.3-only AND GPL-3.0-only AND LGPL-2.0-or-later AND LGPL-2.1-only
libthai-data,GPL-2.0-only AND GPL-2.0-or-later AND LGPL-2.1-only AND LGPL-2.1-or-later,BLOCKER,no acceptable option in OR expression: GPL-2.0-only AND GPL-2.0-or-later AND LGPL-2.1-only AND LGPL-2.1-or-later
libthai0,GPL-2.0-only AND GPL-2.0-or-later AND LGPL-2.1-only AND LGPL-2.1-or-later,BLOCKER,no acceptable option in OR expression: GPL-2.0-only AND GPL-2.0-or-later AND LGPL-2.1-only AND LGPL-2.1-or-later
libtheoradec1,BSD-3-Clause AND BSD-4-Clause AND GPL-2.0-only AND GPL-2.0-or-later AND LGPL-2.0-only AND LGPL-2.0-or-later,BLOCKER,no acceptable option in OR expression: BSD-3-Clause AND BSD-4-Clause AND GPL-2.0-only AND GPL-2.0-or-later AND LGPL-2.0-only AND LGPL-2.0-or-later
libtheoraenc1,BSD-3-Clause AND BSD-4-Clause AND GPL-2.0-only AND GPL-2.0-or-later AND LGPL-2.0-only AND LGPL-2.0-or-later,BLOCKER,no acceptable option in OR expression: BSD-3-Clause AND BSD-4-Clause AND GPL-2.0-only AND GPL-2.0-or-later AND LGPL-2.0-only AND LGPL-2.0-or-later
libtiff6,Hylafax,UNKNOWN,unrecognized license identifier: Hylafax
libtinfo6,BSD-3-Clause AND MIT/X11 AND X11,UNKNOWN,"AND expression, worst component governs: BSD-3-Clause AND MIT/X11 AND X11"
libtwolame0,LGPL-2.0-only AND LGPL-2.0-or-later,REVIEW,"OR expression, best option is weak-copyleft: LGPL-2.0-only AND LGPL-2.0-or-later"
libudev1,CC0-1.0 AND GPL-2 with Linux-syscall-note exception AND GPL-2.0-only AND GPL-2.0-or-later AND LGPL-2.1-only AND LGPL-2.1-or-later AND MIT AND public-domain,BLOCKER,no acceptable option in OR expression: CC0-1.0 AND GPL-2 with Linux-syscall-note exception AND GPL-2.0-only AND GPL-2.0-or-later AND LGPL-2.1-only AND LGPL-2.1-or-later AND MIT AND public-domain
libudfread0,GPL-2+ with autoconf-macro exception AND GPL-2.0-only AND LGPL-2.1-only AND LGPL-2.1-or-later,BLOCKER,no acceptable option in OR expression: GPL-2+ with autoconf-macro exception AND GPL-2.0-only AND LGPL-2.1-only AND LGPL-2.1-or-later
libunibreak6,Zlib AND unicode-data,UNKNOWN,"AND expression, worst component governs: Zlib AND unicode-data"
libunistring5,BSD-3-Clause AND FreeSoftware AND GFDL-1.2-or-later AND GFDL-1.3-or-later AND GPL-2+ with distribution exception AND GPL-2.0-only AND GPL-2.0-or-later AND GPL-3.0-only AND GPL-3.0-or-later AND ISC AND LGPL-2.0-only AND LGPL-2.0-or-later AND LGPL-2.1-only AND LGPL-2.1-or-later AND LGPL-3.0-only AND LGPL-3.0-or-later AND MIT AND Unicode-DFS-2016 AND X11 AND public-domain,BLOCKER,no acceptable option in OR expression: BSD-3-Clause AND FreeSoftware AND GFDL-1.2-or-later AND GFDL-1.3-or-later AND GPL-2+ with distribution exception AND GPL-2.0-only AND GPL-2.0-or-later AND GPL-3.0-only AND GPL-3.0-or-later AND ISC AND LGPL-2.0-only AND LGPL-2.0-or-later AND LGPL-2.1-only AND LGPL-2.1-or-later AND LGPL-3.0-only AND LGPL-3.0-or-later AND MIT AND Unicode-DFS-2016 AND X11 AND public-domain
libusb-1.0-0,FSFAP AND GPL-2.0-only AND GPL-2.0-or-later AND LGPL-2.1-only AND LGPL-2.1-or-later AND MIT,BLOCKER,no acceptable option in OR expression: FSFAP AND GPL-2.0-only AND GPL-2.0-or-later AND LGPL-2.1-only AND LGPL-2.1-or-later AND MIT
libuuid1,BSD-2-Clause AND BSD-3-Clause AND BSD-4-Clause AND BSLA AND GPL-2.0-only AND GPL-2.0-or-later AND GPL-3.0-only AND GPL-3.0-or-later AND ISC AND LGPL-2.0-only AND LGPL-2.0-or-later AND LGPL-2.1-only AND LGPL-2.1-or-later AND LGPL-3.0-only AND LGPL-3.0-or-later AND MIT AND public-domain,BLOCKER,no acceptable option in OR expression: BSD-2-Clause AND BSD-3-Clause AND BSD-4-Clause AND BSLA AND GPL-2.0-only AND GPL-2.0-or-later AND GPL-3.0-only AND GPL-3.0-or-later AND ISC AND LGPL-2.0-only AND LGPL-2.0-or-later AND LGPL-2.1-only AND LGPL-2.1-or-later AND LGPL-3.0-only AND LGPL-3.0-or-later AND MIT AND public-domain
libva-drm2,Expat-advertising AND GPL-2.0-only AND GPL-2.0-or-later AND MIT AND other,BLOCKER,no acceptable option in OR expression: Expat-advertising AND GPL-2.0-only AND GPL-2.0-or-later AND MIT AND other
libva-x11-2,Expat-advertising AND GPL-2.0-only AND GPL-2.0-or-later AND MIT AND other,BLOCKER,no acceptable option in OR expression: Expat-advertising AND GPL-2.0-only AND GPL-2.0-or-later AND MIT AND other
libva2,Expat-advertising AND GPL-2.0-only AND GPL-2.0-or-later AND MIT AND other,BLOCKER,no acceptable option in OR expression: Expat-advertising AND GPL-2.0-only AND GPL-2.0-or-later AND MIT AND other
libvdpau1,MIT AND other,UNKNOWN,"AND expression, worst component governs: MIT AND other"
libvidstab1.1,GPL-2.0-only AND GPL-2.0-or-later,BLOCKER,no acceptable option in OR expression: GPL-2.0-only AND GPL-2.0-or-later
libvorbis0a,BSD-3-Clause AND RFC-special,UNKNOWN,"AND expression, worst component governs: BSD-3-Clause AND RFC-special"
libvorbisenc2,BSD-3-Clause AND RFC-special,UNKNOWN,"AND expression, worst component governs: BSD-3-Clause AND RFC-special"
libvorbisfile3,BSD-3-Clause AND RFC-special,UNKNOWN,"AND expression, worst component governs: BSD-3-Clause AND RFC-special"
libvpl2,Apache-2.0 AND BSD-3-Clause AND MIT,OK,"AND expression, worst component governs: Apache-2.0 AND BSD-3-Clause AND MIT"
libvpx9,BSD-3-Clause AND ISC AND public-domain,UNKNOWN,"AND expression, worst component governs: BSD-3-Clause AND ISC AND public-domain"
libvulkan1,Apache-2.0 AND MIT,OK,"AND expression, worst component governs: Apache-2.0 AND MIT"
libwayland-client0,X11,OK,permissive
libwayland-cursor0,X11,OK,permissive
libwayland-egl1,X11,OK,permissive
libwayland-server0,X11,OK,permissive
libwebp7,Apache-2.0 AND BSD-3-Clause,OK,"AND expression, worst component governs: Apache-2.0 AND BSD-3-Clause"
libwebpmux3,Apache-2.0 AND BSD-3-Clause,OK,"AND expression, worst component governs: Apache-2.0 AND BSD-3-Clause"
libx264-164,BSD-3-Clause AND GPL-2+ with other exception AND GPL-2.0-only AND GPL-2.0-or-later AND ISC AND LGPL-2.1-or-later AND MIT AND public-domain,BLOCKER,no acceptable option in OR expression: BSD-3-Clause AND GPL-2+ with other exception AND GPL-2.0-only AND GPL-2.0-or-later AND ISC AND LGPL-2.1-or-later AND MIT AND public-domain
libx265-215,GPL-2.0-only AND GPL-2.0-or-later AND ISC AND LGPL-2.1-only AND LGPL-2.1-or-later AND MIT,BLOCKER,no acceptable option in OR expression: GPL-2.0-only AND GPL-2.0-or-later AND ISC AND LGPL-2.1-only AND LGPL-2.1-or-later AND MIT
libxml2,ISC AND MIT-1,UNKNOWN,"AND expression, worst component governs: ISC AND MIT-1"
libxvidcore4,GPL-2.0-only AND GPL-2.0-or-later AND LGPL-2.0-only AND LGPL-2.0-or-later,BLOCKER,no acceptable option in OR expression: GPL-2.0-only AND GPL-2.0-or-later AND LGPL-2.0-only AND LGPL-2.0-or-later
libxxhash0,BSD-2-Clause AND GPL-2.0-only AND GPL-2.0-or-later,BLOCKER,no acceptable option in OR expression: BSD-2-Clause AND GPL-2.0-only AND GPL-2.0-or-later
libz3-4,GPL-2.0-only AND GPL-2.0-or-later AND MIT,BLOCKER,no acceptable option in OR expression: GPL-2.0-only AND GPL-2.0-or-later AND MIT
libzimg2,GPL-3.0-only AND GPL-3.0-with-autoconf-exception+ AND WTFPL-2,BLOCKER,"AND expression, worst component governs: GPL-3.0-only AND GPL-3.0-with-autoconf-exception+ AND WTFPL-2"
libzix-0-0,0BSD AND ISC,OK,"AND expression, worst component governs: 0BSD AND ISC"
libzmq5,LGPL-2.0-only AND LGPL-2.0-or-later AND MIT AND MPL-2.0,REVIEW,"OR expression, best option is weak-copyleft: LGPL-2.0-only AND LGPL-2.0-or-later AND MIT AND MPL-2.0"
libzstd1,BSD-3-Clause AND GPL-2.0-only AND MIT AND Zlib,BLOCKER,"AND expression, worst component governs: BSD-3-Clause AND GPL-2.0-only AND MIT AND Zlib"
libzvbi-common,BSD-2-Clause AND BSD-3-Clause AND GPL-2.0-only AND GPL-2.0-or-later AND LGPL-2.0-only AND LGPL-2.0-or-later AND LGPL-2.1-only AND LGPL-2.1-or-later AND MIT,BLOCKER,no acceptable option in OR expression: BSD-2-Clause AND BSD-3-Clause AND GPL-2.0-only AND GPL-2.0-or-later AND LGPL-2.0-only AND LGPL-2.0-or-later AND LGPL-2.1-only AND LGPL-2.1-or-later AND MIT
libzvbi0t64,BSD-2-Clause AND BSD-3-Clause AND GPL-2.0-only AND GPL-2.0-or-later AND LGPL-2.0-only AND LGPL-2.0-or-later AND LGPL-2.1-only AND LGPL-2.1-or-later AND MIT,BLOCKER,no acceptable option in OR expression: BSD-2-Clause AND BSD-3-Clause AND GPL-2.0-only AND GPL-2.0-or-later AND LGPL-2.0-only AND LGPL-2.0-or-later AND LGPL-2.1-only AND LGPL-2.1-or-later AND MIT
login,BSD-2-Clause AND BSD-3-Clause AND BSD-4-Clause AND BSLA AND GPL-2.0-only AND GPL-2.0-or-later AND GPL-3.0-only AND GPL-3.0-or-later AND ISC AND LGPL-2.0-only AND LGPL-2.0-or-later AND LGPL-2.1-only AND LGPL-2.1-or-later AND LGPL-3.0-only AND LGPL-3.0-or-later AND MIT AND public-domain,BLOCKER,no acceptable option in OR expression: BSD-2-Clause AND BSD-3-Clause AND BSD-4-Clause AND BSLA AND GPL-2.0-only AND GPL-2.0-or-later AND GPL-3.0-only AND GPL-3.0-or-later AND ISC AND LGPL-2.0-only AND LGPL-2.0-or-later AND LGPL-2.1-only AND LGPL-2.1-or-later AND LGPL-3.0-only AND LGPL-3.0-or-later AND MIT AND public-domain
login.defs,BSD-3-Clause AND GPL-1.0-only AND GPL-2.0-only AND GPL-2.0-or-later,BLOCKER,no acceptable option in OR expression: BSD-3-Clause AND GPL-1.0-only AND GPL-2.0-only AND GPL-2.0-or-later
mawk,CC-BY-3.0 AND GPL-2.0-only AND X11,BLOCKER,"AND expression, worst component governs: CC-BY-3.0 AND GPL-2.0-only AND X11"
mesa-libgallium,Apache-2.0 AND BSD-2-Clause AND BSD-3-google AND BSL-1.0 AND GPL-1.0-only AND GPL-1.0-or-later AND GPL-2.0-only AND GPL-2.0-or-later AND Khronos AND MIT AND MLAA AND SGI,BLOCKER,no acceptable option in OR expression: Apache-2.0 AND BSD-2-Clause AND BSD-3-google AND BSL-1.0 AND GPL-1.0-only AND GPL-1.0-or-later AND GPL-2.0-only AND GPL-2.0-or-later AND Khronos AND MIT AND MLAA AND SGI
mount,BSD-2-Clause AND BSD-3-Clause AND BSD-4-Clause AND BSLA AND GPL-2.0-only AND GPL-2.0-or-later AND GPL-3.0-only AND GPL-3.0-or-later AND ISC AND LGPL-2.0-only AND LGPL-2.0-or-later AND LGPL-2.1-only AND LGPL-2.1-or-later AND LGPL-3.0-only AND LGPL-3.0-or-later AND MIT AND public-domain,BLOCKER,no acceptable option in OR expression: BSD-2-Clause AND BSD-3-Clause AND BSD-4-Clause AND BSLA AND GPL-2.0-only AND GPL-2.0-or-later AND GPL-3.0-only AND GPL-3.0-or-later AND ISC AND LGPL-2.0-only AND LGPL-2.0-or-later AND LGPL-2.1-only AND LGPL-2.1-or-later AND LGPL-3.0-only AND LGPL-3.0-or-later AND MIT AND public-domain
ncurses-base,BSD-3-Clause AND MIT/X11 AND X11,UNKNOWN,"AND expression, worst component governs: BSD-3-Clause AND MIT/X11 AND X11"
ncurses-bin,BSD-3-Clause AND MIT/X11 AND X11,UNKNOWN,"AND expression, worst component governs: BSD-3-Clause AND MIT/X11 AND X11"
netbase,GPL-2.0-only,BLOCKER,strong copyleft / source-available / no-license
ocl-icd-libopencl1,Apache-2.0 AND BSD-2-Clause,OK,"AND expression, worst component governs: Apache-2.0 AND BSD-2-Clause"
openssl,Apache-2.0 AND Artistic-2.0 AND GPL-1.0-only AND GPL-1.0-or-later,BLOCKER,no acceptable option in OR expression: Apache-2.0 AND Artistic-2.0 AND GPL-1.0-only AND GPL-1.0-or-later
openssl-provider-legacy,Apache-2.0 AND Artistic-2.0 AND GPL-1.0-only AND GPL-1.0-or-later,BLOCKER,no acceptable option in OR expression: Apache-2.0 AND Artistic-2.0 AND GPL-1.0-only AND GPL-1.0-or-later
passwd,BSD-3-Clause AND GPL-1.0-only AND GPL-2.0-only AND GPL-2.0-or-later,BLOCKER,no acceptable option in OR expression: BSD-3-Clause AND GPL-1.0-only AND GPL-2.0-only AND GPL-2.0-or-later
perl,Artistic-2 AND Artistic-2.0 AND Artistic-dist AND BSD-3-Clause AND BSD-3-clause-GENERIC AND BSD-3-clause-with-weird-numbering AND BSD-4-clause-POWERDOG AND BZIP AND CC0-1.0 AND DONT-CHANGE-THE-GPL AND FSFAP AND GPL-1.0-only AND GPL-1.0-or-later AND GPL-2.0-only AND GPL-2.0-or-later AND GPL-2.0-with-bison-exception+ AND LGPL-2.1-only AND MIT AND REGCOMP AND SDBM-PUBLIC-DOMAIN AND TEXT-TABS AND Unicode AND Zlib,BLOCKER,no acceptable option in OR expression: Artistic-2 AND Artistic-2.0 AND Artistic-dist AND BSD-3-Clause AND BSD-3-clause-GENERIC AND BSD-3-clause-with-weird-numbering AND BSD-4-clause-POWERDOG AND BZIP AND CC0-1.0 AND DONT-CHANGE-THE-GPL AND FSFAP AND GPL-1.0-only AND GPL-1.0-or-later AND GPL-2.0-only AND GPL-2.0-or-later AND GPL-2.0-with-bison-exception+ AND LGPL-2.1-only AND MIT AND REGCOMP AND SDBM-PUBLIC-DOMAIN AND TEXT-TABS AND Unicode AND Zlib
perl-base,Artistic-2 AND Artistic-2.0 AND Artistic-dist AND BSD-3-Clause AND BSD-3-clause-GENERIC AND BSD-3-clause-with-weird-numbering AND BSD-4-clause-POWERDOG AND BZIP AND CC0-1.0 AND DONT-CHANGE-THE-GPL AND FSFAP AND GPL-1.0-only AND GPL-1.0-or-later AND GPL-2.0-only AND GPL-2.0-or-later AND GPL-2.0-with-bison-exception+ AND LGPL-2.1-only AND MIT AND REGCOMP AND SDBM-PUBLIC-DOMAIN AND TEXT-TABS AND Unicode AND Zlib,BLOCKER,no acceptable option in OR expression: Artistic-2 AND Artistic-2.0 AND Artistic-dist AND BSD-3-Clause AND BSD-3-clause-GENERIC AND BSD-3-clause-with-weird-numbering AND BSD-4-clause-POWERDOG AND BZIP AND CC0-1.0 AND DONT-CHANGE-THE-GPL AND FSFAP AND GPL-1.0-only AND GPL-1.0-or-later AND GPL-2.0-only AND GPL-2.0-or-later AND GPL-2.0-with-bison-exception+ AND LGPL-2.1-only AND MIT AND REGCOMP AND SDBM-PUBLIC-DOMAIN AND TEXT-TABS AND Unicode AND Zlib
perl-modules-5.40,Artistic-2 AND Artistic-2.0 AND Artistic-dist AND BSD-3-Clause AND BSD-3-clause-GENERIC AND BSD-3-clause-with-weird-numbering AND BSD-4-clause-POWERDOG AND BZIP AND CC0-1.0 AND DONT-CHANGE-THE-GPL AND FSFAP AND GPL-1.0-only AND GPL-1.0-or-later AND GPL-2.0-only AND GPL-2.0-or-later AND GPL-2.0-with-bison-exception+ AND LGPL-2.1-only AND MIT AND REGCOMP AND SDBM-PUBLIC-DOMAIN AND TEXT-TABS AND Unicode AND Zlib,BLOCKER,no acceptable option in OR expression: Artistic-2 AND Artistic-2.0 AND Artistic-dist AND BSD-3-Clause AND BSD-3-clause-GENERIC AND BSD-3-clause-with-weird-numbering AND BSD-4-clause-POWERDOG AND BZIP AND CC0-1.0 AND DONT-CHANGE-THE-GPL AND FSFAP AND GPL-1.0-only AND GPL-1.0-or-later AND GPL-2.0-only AND GPL-2.0-or-later AND GPL-2.0-with-bison-exception+ AND LGPL-2.1-only AND MIT AND REGCOMP AND SDBM-PUBLIC-DOMAIN AND TEXT-TABS AND Unicode AND Zlib
pinentry-curses,GPL-2.0-only AND GPL-2.0-or-later AND LGPL-3.0-only AND LGPL-3.0-or-later AND X11,BLOCKER,no acceptable option in OR expression: GPL-2.0-only AND GPL-2.0-or-later AND LGPL-3.0-only AND LGPL-3.0-or-later AND X11
postgresql-client,GPL-2.0-only AND GPL-2.0-or-later,BLOCKER,no acceptable option in OR expression: GPL-2.0-only AND GPL-2.0-or-later
postgresql-client-17,Artistic-2.0 AND BSD-2-Clause AND BSD-3-Clause AND Custom-Unicode AND Custom-pg_dump AND Custom-regex AND GPL-1.0-only AND PostgreSQL AND Tcl AND double-metaphone AND nagaysau-ishii,BLOCKER,"AND expression, worst component governs: Artistic-2.0 AND BSD-2-Clause AND BSD-3-Clause AND Custom-Unicode AND Custom-pg_dump AND Custom-regex AND GPL-1.0-only AND PostgreSQL AND Tcl AND double-metaphone AND nagaysau-ishii"
postgresql-client-common,GPL-2.0-only AND GPL-2.0-or-later,BLOCKER,no acceptable option in OR expression: GPL-2.0-only AND GPL-2.0-or-later
readline-common,GFDL-1.3-no-invariants-or-later AND GFDL-1.3-or-later AND GPL-2.0-only AND GPL-2.0-or-later AND GPL-3.0-only AND GPL-3.0-or-later AND ISC-no-attribution,BLOCKER,no acceptable option in OR expression: GFDL-1.3-no-invariants-or-later AND GFDL-1.3-or-later AND GPL-2.0-only AND GPL-2.0-or-later AND GPL-3.0-only AND GPL-3.0-or-later AND ISC-no-attribution
sed,BSD-4-Clause-UC AND BSL-1 AND GFDL-1.3-no-invariants-or-later AND GFDL-1.3-only AND GPL-3.0-only AND GPL-3.0-or-later AND ISC AND X11 AND pcre,BLOCKER,no acceptable option in OR expression: BSD-4-Clause-UC AND BSL-1 AND GFDL-1.3-no-invariants-or-later AND GFDL-1.3-only AND GPL-3.0-only AND GPL-3.0-or-later AND ISC AND X11 AND pcre
sensible-utils,All-permissive AND GPL-2.0-only AND GPL-2.0-or-later AND configure AND installsh,BLOCKER,no acceptable option in OR expression: All-permissive AND GPL-2.0-only AND GPL-2.0-or-later AND configure AND installsh
shared-mime-info,GPL-2.0-or-later,BLOCKER,no acceptable option in OR expression: GPL-2.0-or-later
sqv,LGPL-2.0-only AND LGPL-2.0-or-later,REVIEW,"OR expression, best option is weak-copyleft: LGPL-2.0-only AND LGPL-2.0-or-later"
sysvinit-utils,GPL-2.0-only AND GPL-2.0-or-later AND GPL-3.0-only AND LGPL-2.1-only AND LGPL-2.1-or-later,BLOCKER,no acceptable option in OR expression: GPL-2.0-only AND GPL-2.0-or-later AND GPL-3.0-only AND LGPL-2.1-only AND LGPL-2.1-or-later
tar,GPL-2.0-only AND GPL-2.0-or-later AND GPL-3+ with Bison exception AND GPL-3.0-only AND GPL-3.0-or-later AND LGPL-2.1-only AND LGPL-2.1-or-later AND LGPL-3.0-only AND LGPL-3.0-or-later,BLOCKER,no acceptable option in OR expression: GPL-2.0-only AND GPL-2.0-or-later AND GPL-3+ with Bison exception AND GPL-3.0-only AND GPL-3.0-or-later AND LGPL-2.1-only AND LGPL-2.1-or-later AND LGPL-3.0-only AND LGPL-3.0-or-later
tzdata,public-domain,UNKNOWN,unrecognized license identifier: public-domain
util-linux,BSD-2-Clause AND BSD-3-Clause AND BSD-4-Clause AND BSLA AND GPL-2.0-only AND GPL-2.0-or-later AND GPL-3.0-only AND GPL-3.0-or-later AND ISC AND LGPL-2.0-only AND LGPL-2.0-or-later AND LGPL-2.1-only AND LGPL-2.1-or-later AND LGPL-3.0-only AND LGPL-3.0-or-later AND MIT AND public-domain,BLOCKER,no acceptable option in OR expression: BSD-2-Clause AND BSD-3-Clause AND BSD-4-Clause AND BSLA AND GPL-2.0-only AND GPL-2.0-or-later AND GPL-3.0-only AND GPL-3.0-or-later AND ISC AND LGPL-2.0-only AND LGPL-2.0-or-later AND LGPL-2.1-only AND LGPL-2.1-or-later AND LGPL-3.0-only AND LGPL-3.0-or-later AND MIT AND public-domain
x11-common,GPL-2.0-or-later,BLOCKER,no acceptable option in OR expression: GPL-2.0-or-later
zlib1g,Zlib,OK,permissive
